"Feature","Min","Q1","Median","Mean","Q3","Max","SD","Variance"
"X1",1,32.5,51,60.4358,61,640,47.0647,2215.083
"X2",1,90,110,142.885,144,640,112.5646,12670.7857
"X3",0.0015,1.2794,2.102,3.4096,3.9,60,5.1997,27.0371
"X4",0,1,1,0.7682,1,1,0.422,0.1781
"X5",0,0,0,0.0043,0,1,0.0652,0.0043
"X6",0,0,0,0.0116,0,1,0.107,0.0115
"X7",0,0,0,0.0046,0,1,0.0675,0.0046
"X8",0,0,0,0.0034,0,1,0.0578,0.0033
"X9",0,0,0,0.004,0,1,0.0628,0.004
"X10",0,0,0,0.0116,0,1,0.107,0.0115
"X11",0,0,0,0.0034,0,1,0.0578,0.0033
"X12",0,0,0,0.0049,0,1,0.0697,0.0049
"X13",0,0,0,0.0091,0,1,0.0952,0.0091
"X14",0,0,0,0.0046,0,1,0.0675,0.0046
"X15",0,0,0,0.0049,0,1,0.0697,0.0049
"X16",0,0,0,0.004,0,1,0.0628,0.004
"X17",0,0,0,0.0055,0,1,0.0739,0.0055
"X18",0,0,0,0.0037,0,1,0.0604,0.0036
"X19",0,0,0,0.0049,0,1,0.0697,0.0049
"X20",0,0,0,0.0037,0,1,0.0604,0.0036
"X21",0,0,0,0.003,0,1,0.0551,0.003
"X22",0,0,0,0.0046,0,1,0.0675,0.0046
"X23",0,0,0,0.0046,0,1,0.0675,0.0046
"X24",0,0,0,0.0043,0,1,0.0652,0.0043
"X25",0,0,0,0.0037,0,1,0.0604,0.0036
"X26",0,0,0,0.0037,0,1,0.0604,0.0036
"X27",0,0,0,0.0037,0,1,0.0604,0.0036
"X28",0,0,0,0.0061,0,1,0.0779,0.0061
"X29",0,0,0,0.0034,0,1,0.0578,0.0033
"X30",0,0,0,0.0043,0,1,0.0652,0.0043
"X31",0,0,0,0.0037,0,1,0.0604,0.0036
"X32",0,0,0,0.0037,0,1,0.0604,0.0036
"X33",0,0,0,0.0119,0,1,0.1084,0.0118
"X34",0,0,0,0.0091,0,1,0.0952,0.0091
"X35",0,0,0,0.0171,0,1,0.1296,0.0168
"X36",0,0,0,0.0052,0,1,0.0718,0.0052
"X37",0,0,0,0.003,0,1,0.0551,0.003
"X38",0,0,0,0.0034,0,1,0.0578,0.0033
"X39",0,0,0,0.0046,0,1,0.0675,0.0046
"X40",0,0,0,0.0098,0,1,0.0983,0.0097
"X41",0,0,0,0.0034,0,1,0.0578,0.0033
"X42",0,0,0,0.0043,0,1,0.0652,0.0043
"X43",0,0,0,0.0085,0,1,0.092,0.0085
"X44",0,0,0,0.0058,0,1,0.0759,0.0058
"X45",0,0,0,0.0037,0,1,0.0604,0.0036
"X46",0,0,0,0.0034,0,1,0.0578,0.0033
"X47",0,0,0,0.0037,0,1,0.0604,0.0036
"X48",0,0,0,0.0079,0,1,0.0887,0.0079
"X49",0,0,0,0.004,0,1,0.0628,0.004
"X50",0,0,0,0.0049,0,1,0.0697,0.0049
"X51",0,0,0,0.0079,0,1,0.0887,0.0079
"X52",0,0,0,0.0043,0,1,0.0652,0.0043
"X53",0,0,0,0.0073,0,1,0.0853,0.0073
"X54",0,0,0,0.0073,0,1,0.0853,0.0073
"X55",0,0,0,0.0034,0,1,0.0578,0.0033
"X56",0,0,0,0.003,0,1,0.0551,0.003
"X57",0,0,0,0.0162,0,1,0.1261,0.0159
"X58",0,0,0,0.0037,0,1,0.0604,0.0036
"X59",0,0,0,0.0037,0,1,0.0604,0.0036
"X60",0,0,0,0.003,0,1,0.0551,0.003
"X61",0,0,0,0.0073,0,1,0.0853,0.0073
"X62",0,0,0,0.0082,0,1,0.0904,0.0082
"X63",0,0,0,0.0064,0,1,0.0798,0.0064
"X64",0,0,0,0.004,0,1,0.0628,0.004
"X65",0,0,0,0.0576,0,1,0.2331,0.0543
"X66",0,0,0,0.0043,0,1,0.0652,0.0043
"X67",0,0,0,0.0034,0,1,0.0578,0.0033
"X68",0,0,0,0.0165,0,1,0.1273,0.0162
"X69",0,0,0,0.0073,0,1,0.0853,0.0073
"X70",0,0,0,0.0049,0,1,0.0697,0.0049
"X71",0,0,0,0.0049,0,1,0.0697,0.0049
"X72",0,0,0,0.0061,0,1,0.0779,0.0061
"X73",0,0,0,0.0034,0,1,0.0578,0.0033
"X74",0,0,0,0.0064,0,1,0.0798,0.0064
"X75",0,0,0,0.0152,0,1,0.1226,0.015
"X76",0,0,0,0.0034,0,1,0.0578,0.0033
"X77",0,0,0,0.004,0,1,0.0628,0.004
"X78",0,0,0,0.0034,0,1,0.0578,0.0033
"X79",0,0,0,0.0091,0,1,0.0952,0.0091
"X80",0,0,0,0.0037,0,1,0.0604,0.0036
"X81",0,0,0,0.0079,0,1,0.0887,0.0079
"X82",0,0,0,0.004,0,1,0.0628,0.004
"X83",0,0,0,0.0034,0,1,0.0578,0.0033
"X84",0,0,0,0.0107,0,1,0.1028,0.0106
"X85",0,0,0,0.0046,0,1,0.0675,0.0046
"X86",0,0,0,0.0049,0,1,0.0697,0.0049
"X87",0,0,0,0.0034,0,1,0.0578,0.0033
"X88",0,0,0,0.0037,0,1,0.0604,0.0036
"X89",0,0,0,0.0058,0,1,0.0759,0.0058
"X90",0,0,0,0.0034,0,1,0.0578,0.0033
"X91",0,0,0,0.0058,0,1,0.0759,0.0058
"X92",0,0,0,0.0046,0,1,0.0675,0.0046
"X93",0,0,0,0.0037,0,1,0.0604,0.0036
"X94",0,0,0,0.0043,0,1,0.0652,0.0043
"X95",0,0,0,0.0058,0,1,0.0759,0.0058
"X96",0,0,0,0.0046,0,1,0.0675,0.0046
"X97",0,0,0,0.004,0,1,0.0628,0.004
"X98",0,0,0,0.0043,0,1,0.0652,0.0043
"X99",0,0,0,0.003,0,1,0.0551,0.003
"X100",0,0,0,0.0061,0,1,0.0779,0.0061
"X101",0,0,0,0.003,0,1,0.0551,0.003
"X102",0,0,0,0.0034,0,1,0.0578,0.0033
"X103",0,0,0,0.0049,0,1,0.0697,0.0049
"X104",0,0,0,0.003,0,1,0.0551,0.003
"X105",0,0,0,0.0034,0,1,0.0578,0.0033
"X106",0,0,0,0.0162,0,1,0.1261,0.0159
"X107",0,0,0,0.003,0,1,0.0551,0.003
"X108",0,0,0,0.0058,0,1,0.0759,0.0058
"X109",0,0,0,0.0037,0,1,0.0604,0.0036
"X110",0,0,0,0.0034,0,1,0.0578,0.0033
"X111",0,0,0,0.0055,0,1,0.0739,0.0055
"X112",0,0,0,0.0046,0,1,0.0675,0.0046
"X113",0,0,0,0.0073,0,1,0.0853,0.0073
"X114",0,0,0,0.0088,0,1,0.0936,0.0088
"X115",0,0,0,0.0034,0,1,0.0578,0.0033
"X116",0,0,0,0.0034,0,1,0.0578,0.0033
"X117",0,0,0,0.003,0,1,0.0551,0.003
"X118",0,0,0,0.0061,0,1,0.0779,0.0061
"X119",0,0,0,0.0079,0,1,0.0887,0.0079
"X120",0,0,0,0.0061,0,1,0.0779,0.0061
"X121",0,0,0,0.0159,0,1,0.1249,0.0156
"X122",0,0,0,0.0073,0,1,0.0853,0.0073
"X123",0,0,0,0.0034,0,1,0.0578,0.0033
"X124",0,0,0,0.004,0,1,0.0628,0.004
"X125",0,0,0,0.004,0,1,0.0628,0.004
"X126",0,0,0,0.003,0,1,0.0551,0.003
"X127",0,0,0,0.003,0,1,0.0551,0.003
"X128",0,0,0,0.0073,0,1,0.0853,0.0073
"X129",0,0,0,0.0064,0,1,0.0798,0.0064
"X130",0,0,0,0.0037,0,1,0.0604,0.0036
"X131",0,0,0,0.0058,0,1,0.0759,0.0058
"X132",0,0,0,0.0037,0,1,0.0604,0.0036
"X133",0,0,0,0.0058,0,1,0.0759,0.0058
"X134",0,0,0,0.0171,0,1,0.1296,0.0168
"X135",0,0,0,0.0046,0,1,0.0675,0.0046
"X136",0,0,0,0.0052,0,1,0.0718,0.0052
"X137",0,0,0,0.003,0,1,0.0551,0.003
"X138",0,0,0,0.0073,0,1,0.0853,0.0073
"X139",0,0,0,0.0058,0,1,0.0759,0.0058
"X140",0,0,0,0.0095,0,1,0.0968,0.0094
"X141",0,0,0,0.004,0,1,0.0628,0.004
"X142",0,0,0,0.0046,0,1,0.0675,0.0046
"X143",0,0,0,0.003,0,1,0.0551,0.003
"X144",0,0,0,0.0034,0,1,0.0578,0.0033
"X145",0,0,0,0.0043,0,1,0.0652,0.0043
"X146",0,0,0,0.0207,0,1,0.1425,0.0203
"X147",0,0,0,0.0049,0,1,0.0697,0.0049
"X148",0,0,0,0.007,0,1,0.0835,0.007
"X149",0,0,0,0.0037,0,1,0.0604,0.0036
"X150",0,0,0,0.003,0,1,0.0551,0.003
"X151",0,0,0,0.0037,0,1,0.0604,0.0036
"X152",0,0,0,0.0073,0,1,0.0853,0.0073
"X153",0,0,0,0.0034,0,1,0.0578,0.0033
"X154",0,0,0,0.0064,0,1,0.0798,0.0064
"X155",0,0,0,0.0034,0,1,0.0578,0.0033
"X156",0,0,0,0.0046,0,1,0.0675,0.0046
"X157",0,0,0,0.0061,0,1,0.0779,0.0061
"X158",0,0,0,0.0061,0,1,0.0779,0.0061
"X159",0,0,0,0.0049,0,1,0.0697,0.0049
"X160",0,0,0,0.003,0,1,0.0551,0.003
"X161",0,0,0,0.004,0,1,0.0628,0.004
"X162",0,0,0,0.0073,0,1,0.0853,0.0073
"X163",0,0,0,0.0082,0,1,0.0904,0.0082
"X164",0,0,0,0.004,0,1,0.0628,0.004
"X165",0,0,0,0.003,0,1,0.0551,0.003
"X166",0,0,0,0.0095,0,1,0.0968,0.0094
"X167",0,0,0,0.0046,0,1,0.0675,0.0046
"X168",0,0,0,0.0091,0,1,0.0952,0.0091
"X169",0,0,0,0.0058,0,1,0.0759,0.0058
"X170",0,0,0,0.004,0,1,0.0628,0.004
"X171",0,0,0,0.0076,0,1,0.087,0.0076
"X172",0,0,0,0.004,0,1,0.0628,0.004
"X173",0,0,0,0.0268,0,1,0.1616,0.0261
"X174",0,0,0,0.0143,0,1,0.1189,0.0141
"X175",0,0,0,0.003,0,1,0.0551,0.003
"X176",0,0,0,0.003,0,1,0.0551,0.003
"X177",0,0,0,0.003,0,1,0.0551,0.003
"X178",0,0,0,0.0064,0,1,0.0798,0.0064
"X179",0,0,0,0.0073,0,1,0.0853,0.0073
"X180",0,0,0,0.0034,0,1,0.0578,0.0033
"X181",0,0,0,0.0058,0,1,0.0759,0.0058
"X182",0,0,0,0.003,0,1,0.0551,0.003
"X183",0,0,0,0.0037,0,1,0.0604,0.0036
"X184",0,0,0,0.003,0,1,0.0551,0.003
"X185",0,0,0,0.0091,0,1,0.0952,0.0091
"X186",0,0,0,0.004,0,1,0.0628,0.004
"X187",0,0,0,0.0152,0,1,0.1226,0.015
"X188",0,0,0,0.2879,1,1,0.4528,0.2051
"X189",0,0,0,0.0034,0,1,0.0578,0.0033
"X190",0,0,0,0.0046,0,1,0.0675,0.0046
"X191",0,0,0,0.0082,0,1,0.0904,0.0082
"X192",0,0,0,0.0034,0,1,0.0578,0.0033
"X193",0,0,0,0.1772,0,1,0.3819,0.1458
"X194",0,0,0,0.0034,0,1,0.0578,0.0033
"X195",0,0,0,0.003,0,1,0.0551,0.003
"X196",0,0,0,0.0079,0,1,0.0887,0.0079
"X197",0,0,0,0.0058,0,1,0.0759,0.0058
"X198",0,0,0,0.003,0,1,0.0551,0.003
"X199",0,0,0,0.004,0,1,0.0628,0.004
"X200",0,0,0,0.007,0,1,0.0835,0.007
"X201",0,0,0,0.0049,0,1,0.0697,0.0049
"X202",0,0,0,0.0037,0,1,0.0604,0.0036
"X203",0,0,0,0.0034,0,1,0.0578,0.0033
"X204",0,0,0,0.0021,0,1,0.0462,0.0021
"X205",0,0,0,0.0058,0,1,0.0759,0.0058
"X206",0,0,0,0.004,0,1,0.0628,0.004
"X207",0,0,0,0.0058,0,1,0.0759,0.0058
"X208",0,0,0,0.003,0,1,0.0551,0.003
"X209",0,0,0,0.0058,0,1,0.0759,0.0058
"X210",0,0,0,0.0034,0,1,0.0578,0.0033
"X211",0,0,0,0.0061,0,1,0.0779,0.0061
"X212",0,0,0,0.003,0,1,0.0551,0.003
"X213",0,0,0,0.0049,0,1,0.0697,0.0049
"X214",0,0,0,0.007,0,1,0.0835,0.007
"X215",0,0,0,0.0037,0,1,0.0604,0.0036
"X216",0,0,0,0.0061,0,1,0.0779,0.0061
"X217",0,0,0,0.0037,0,1,0.0604,0.0036
"X218",0,0,0,0.0034,0,1,0.0578,0.0033
"X219",0,0,0,0.0073,0,1,0.0853,0.0073
"X220",0,0,0,0.003,0,1,0.0551,0.003
"X221",0,0,0,0.0058,0,1,0.0759,0.0058
"X222",0,0,0,0.003,0,1,0.0551,0.003
"X223",0,0,0,0.0037,0,1,0.0604,0.0036
"X224",0,0,0,0.0034,0,1,0.0578,0.0033
"X225",0,0,0,0.004,0,1,0.0628,0.004
"X226",0,0,0,0.0037,0,1,0.0604,0.0036
"X227",0,0,0,0.0064,0,1,0.0798,0.0064
"X228",0,0,0,0.0046,0,1,0.0675,0.0046
"X229",0,0,0,0.0064,0,1,0.0798,0.0064
"X230",0,0,0,0.0058,0,1,0.0759,0.0058
"X231",0,0,0,0.0034,0,1,0.0578,0.0033
"X232",0,0,0,0.0159,0,1,0.1249,0.0156
"X233",0,0,0,0.0073,0,1,0.0853,0.0073
"X234",0,0,0,0.0073,0,1,0.0853,0.0073
"X235",0,0,0,0.0162,0,1,0.1261,0.0159
"X236",0,0,0,0.0204,0,1,0.1415,0.02
"X237",0,0,0,0.0049,0,1,0.0697,0.0049
"X238",0,0,0,0.0046,0,1,0.0675,0.0046
"X239",0,0,0,0.0058,0,1,0.0759,0.0058
"X240",0,0,0,0.0046,0,1,0.0675,0.0046
"X241",0,0,0,0.0034,0,1,0.0578,0.0033
"X242",0,0,0,0.0162,0,1,0.1261,0.0159
"X243",0,0,0,0.0226,0,1,0.1485,0.0221
"X244",0,0,0,0.0049,0,1,0.0697,0.0049
"X245",0,0,0,0.0116,0,1,0.107,0.0115
"X246",0,0,0,0.0095,0,1,0.0968,0.0094
"X247",0,0,0,0.0058,0,1,0.0759,0.0058
"X248",0,0,0,0.004,0,1,0.0628,0.004
"X249",0,0,0,0.003,0,1,0.0551,0.003
"X250",0,0,0,0.0223,0,1,0.1476,0.0218
"X251",0,0,0,0.0034,0,1,0.0578,0.0033
"X252",0,0,0,0.0058,0,1,0.0759,0.0058
"X253",0,0,0,0.0067,0,1,0.0816,0.0067
"X254",0,0,0,0.0073,0,1,0.0853,0.0073
"X255",0,0,0,0.004,0,1,0.0628,0.004
"X256",0,0,0,0.003,0,1,0.0551,0.003
"X257",0,0,0,0.007,0,1,0.0835,0.007
"X258",0,0,0,0.0058,0,1,0.0759,0.0058
"X259",0,0,0,0.003,0,1,0.0551,0.003
"X260",0,0,0,0.0174,0,1,0.1307,0.0171
"X261",0,0,0,0.003,0,1,0.0551,0.003
"X262",0,0,0,0.0049,0,1,0.0697,0.0049
"X263",0,0,0,0.0055,0,1,0.0739,0.0055
"X264",0,0,0,0.0064,0,1,0.0798,0.0064
"X265",0,0,0,0.0189,0,1,0.1362,0.0186
"X266",0,0,0,0.0274,0,1,0.1634,0.0267
"X267",0,0,0,0.004,0,1,0.0628,0.004
"X268",0,0,0,0.0046,0,1,0.0675,0.0046
"X269",0,0,0,0.0046,0,1,0.0675,0.0046
"X270",0,0,0,0.0046,0,1,0.0675,0.0046
"X271",0,0,0,0.0043,0,1,0.0652,0.0043
"X272",0,0,0,0.0061,0,1,0.0779,0.0061
"X273",0,0,0,0.004,0,1,0.0628,0.004
"X274",0,0,0,0.0079,0,1,0.0887,0.0079
"X275",0,0,0,0.1772,0,1,0.3819,0.1458
"X276",0,0,0,0.0085,0,1,0.092,0.0085
"X277",0,0,0,0.0192,0,1,0.1373,0.0188
"X278",0,0,0,0.0049,0,1,0.0697,0.0049
"X279",0,0,0,0.0052,0,1,0.0718,0.0052
"X280",0,0,0,0.0082,0,1,0.0904,0.0082
"X281",0,0,0,0.0064,0,1,0.0798,0.0064
"X282",0,0,0,0.0052,0,1,0.0718,0.0052
"X283",0,0,0,0.0088,0,1,0.0936,0.0088
"X284",0,0,0,0.0049,0,1,0.0697,0.0049
"X285",0,0,0,0.003,0,1,0.0551,0.003
"X286",0,0,0,0.0058,0,1,0.0759,0.0058
"X287",0,0,0,0.004,0,1,0.0628,0.004
"X288",0,0,0,0.0049,0,1,0.0697,0.0049
"X289",0,0,0,0.0046,0,1,0.0675,0.0046
"X290",0,0,0,0.0037,0,1,0.0604,0.0036
"X291",0,0,0,0.004,0,1,0.0628,0.004
"X292",0,0,0,0.003,0,1,0.0551,0.003
"X293",0,0,0,0.004,0,1,0.0628,0.004
"X294",0,0,0,0.003,0,1,0.0551,0.003
"X295",0,0,0,0.004,0,1,0.0628,0.004
"X296",0,0,0,0.0073,0,1,0.0853,0.0073
"X297",0,0,0,0.0058,0,1,0.0759,0.0058
"X298",0,0,0,0.0122,0,1,0.1098,0.0121
"X299",0,0,0,0.0061,0,1,0.0779,0.0061
"X300",0,0,0,0.0073,0,1,0.0853,0.0073
"X301",0,0,0,0.004,0,1,0.0628,0.004
"X302",0,0,0,0.0085,0,1,0.092,0.0085
"X303",0,0,0,0.0034,0,1,0.0578,0.0033
"X304",0,0,0,0.0073,0,1,0.0853,0.0073
"X305",0,0,0,0.0049,0,1,0.0697,0.0049
"X306",0,0,0,0.0076,0,1,0.087,0.0076
"X307",0,0,0,0.003,0,1,0.0551,0.003
"X308",0,0,0,0.003,0,1,0.0551,0.003
"X309",0,0,0,0.0034,0,1,0.0578,0.0033
"X310",0,0,0,0.0034,0,1,0.0578,0.0033
"X311",0,0,0,0.0043,0,1,0.0652,0.0043
"X312",0,0,0,0.0034,0,1,0.0578,0.0033
"X313",0,0,0,0.004,0,1,0.0628,0.004
"X314",0,0,0,0.0058,0,1,0.0759,0.0058
"X315",0,0,0,0.0091,0,1,0.0952,0.0091
"X316",0,0,0,0.004,0,1,0.0628,0.004
"X317",0,0,0,0.004,0,1,0.0628,0.004
"X318",0,0,0,0.0104,0,1,0.1013,0.0103
"X319",0,0,0,0.003,0,1,0.0551,0.003
"X320",0,0,0,0.0162,0,1,0.1261,0.0159
"X321",0,0,0,0.004,0,1,0.0628,0.004
"X322",0,0,0,0.004,0,1,0.0628,0.004
"X323",0,0,0,0.007,0,1,0.0835,0.007
"X324",0,0,0,0.007,0,1,0.0835,0.007
"X325",0,0,0,0.0034,0,1,0.0578,0.0033
"X326",0,0,0,0.003,0,1,0.0551,0.003
"X327",0,0,0,0.0043,0,1,0.0652,0.0043
"X328",0,0,0,0.003,0,1,0.0551,0.003
"X329",0,0,0,0.004,0,1,0.0628,0.004
"X330",0,0,0,0.0049,0,1,0.0697,0.0049
"X331",0,0,0,0.0088,0,1,0.0936,0.0088
"X332",0,0,0,0.0046,0,1,0.0675,0.0046
"X333",0,0,0,0.0034,0,1,0.0578,0.0033
"X334",0,0,0,0.0034,0,1,0.0578,0.0033
"X335",0,0,0,0.0055,0,1,0.0739,0.0055
"X336",0,0,0,0.0037,0,1,0.0604,0.0036
"X337",0,0,0,0.0268,0,1,0.1616,0.0261
"X338",0,0,0,0.0034,0,1,0.0578,0.0033
"X339",0,0,0,0.0079,0,1,0.0887,0.0079
"X340",0,0,0,0.0043,0,1,0.0652,0.0043
"X341",0,0,0,0.0128,0,1,0.1125,0.0126
"X342",0,0,0,0.0043,0,1,0.0652,0.0043
"X343",0,0,0,0.0055,0,1,0.0739,0.0055
"X344",0,0,0,0.0037,0,1,0.0604,0.0036
"X345",0,0,0,0.004,0,1,0.0628,0.004
"X346",0,0,0,0.0226,0,1,0.1485,0.0221
"X347",0,0,0,0.018,0,1,0.1329,0.0177
"X348",0,0,0,0.0162,0,1,0.1261,0.0159
"X349",0,0,0,0.0034,0,1,0.0578,0.0033
"X350",0,0,0,0.0037,0,1,0.0604,0.0036
"X351",0,0,0,0.0043,0,1,0.0652,0.0043
"X352",0,0,0,0.0464,0,1,0.2103,0.0442
"X353",0,0,0,0.0034,0,1,0.0578,0.0033
"X354",0,0,0,0.0034,0,1,0.0578,0.0033
"X355",0,0,0,0.0049,0,1,0.0697,0.0049
"X356",0,0,0,0.003,0,1,0.0551,0.003
"X357",0,0,0,0.0052,0,1,0.0718,0.0052
"X358",0,0,0,0.0076,0,1,0.087,0.0076
"X359",0,0,0,0.004,0,1,0.0628,0.004
"X360",0,0,0,0.0268,0,1,0.1616,0.0261
"X361",0,0,0,0.0037,0,1,0.0604,0.0036
"X362",0,0,0,0.0162,0,1,0.1261,0.0159
"X363",0,0,0,0.0061,0,1,0.0779,0.0061
"X364",0,0,0,0.0049,0,1,0.0697,0.0049
"X365",0,0,0,0.0034,0,1,0.0578,0.0033
"X366",0,0,0,0.0034,0,1,0.0578,0.0033
"X367",0,0,0,0.0244,0,1,0.1543,0.0238
"X368",0,0,0,0.0049,0,1,0.0697,0.0049
"X369",0,0,0,0.003,0,1,0.0551,0.003
"X370",0,0,0,0.0088,0,1,0.0936,0.0088
"X371",0,0,0,0.0043,0,1,0.0652,0.0043
"X372",0,0,0,0.0162,0,1,0.1261,0.0159
"X373",0,0,0,0.003,0,1,0.0551,0.003
"X374",0,0,0,0.0043,0,1,0.0652,0.0043
"X375",0,0,0,0.0043,0,1,0.0652,0.0043
"X376",0,0,0,0.0098,0,1,0.0983,0.0097
"X377",0,0,0,0.0061,0,1,0.0779,0.0061
"X378",0,0,0,0.0159,0,1,0.1249,0.0156
"X379",0,0,0,0.0049,0,1,0.0697,0.0049
"X380",0,0,0,0.0061,0,1,0.0779,0.0061
"X381",0,0,0,0.004,0,1,0.0628,0.004
"X382",0,0,0,0.0061,0,1,0.0779,0.0061
"X383",0,0,0,0.0037,0,1,0.0604,0.0036
"X384",0,0,0,0.0043,0,1,0.0652,0.0043
"X385",0,0,0,0.0095,0,1,0.0968,0.0094
"X386",0,0,0,0.0058,0,1,0.0759,0.0058
"X387",0,0,0,0.011,0,1,0.1042,0.0109
"X388",0,0,0,0.0027,0,1,0.0523,0.0027
"X389",0,0,0,0.0049,0,1,0.0697,0.0049
"X390",0,0,0,0.0049,0,1,0.0697,0.0049
"X391",0,0,0,0.0091,0,1,0.0952,0.0091
"X392",0,0,0,0.0046,0,1,0.0675,0.0046
"X393",0,0,0,0.0034,0,1,0.0578,0.0033
"X394",0,0,0,0.0055,0,1,0.0739,0.0055
"X395",0,0,0,0.0079,0,1,0.0887,0.0079
"X396",0,0,0,0.0037,0,1,0.0604,0.0036
"X397",0,0,0,0.003,0,1,0.0551,0.003
"X398",0,0,0,0.0043,0,1,0.0652,0.0043
"X399",0,0,0,0.0159,0,1,0.1249,0.0156
"X400",0,0,0,0.003,0,1,0.0551,0.003
"X401",0,0,0,0.0037,0,1,0.0604,0.0036
"X402",0,0,0,0.0073,0,1,0.0853,0.0073
"X403",0,0,0,0.0046,0,1,0.0675,0.0046
"X404",0,0,0,0.0061,0,1,0.0779,0.0061
"X405",0,0,0,0.0052,0,1,0.0718,0.0052
"X406",0,0,0,0.0049,0,1,0.0697,0.0049
"X407",0,0,0,0.0119,0,1,0.1084,0.0118
"X408",0,0,0,0.0058,0,1,0.0759,0.0058
"X409",0,0,0,0.0064,0,1,0.0798,0.0064
"X410",0,0,0,0.0052,0,1,0.0718,0.0052
"X411",0,0,0,0.0073,0,1,0.0853,0.0073
"X412",0,0,0,0.0085,0,1,0.092,0.0085
"X413",0,0,0,0.004,0,1,0.0628,0.004
"X414",0,0,0,0.0064,0,1,0.0798,0.0064
"X415",0,0,0,0.003,0,1,0.0551,0.003
"X416",0,0,0,0.0079,0,1,0.0887,0.0079
"X417",0,0,0,0.004,0,1,0.0628,0.004
"X418",0,0,0,0.0037,0,1,0.0604,0.0036
"X419",0,0,0,0.0064,0,1,0.0798,0.0064
"X420",0,0,0,0.0043,0,1,0.0652,0.0043
"X421",0,0,0,0.0537,0,1,0.2254,0.0508
"X422",0,0,0,0.0064,0,1,0.0798,0.0064
"X423",0,0,0,0.0037,0,1,0.0604,0.0036
"X424",0,0,0,0.003,0,1,0.0551,0.003
"X425",0,0,0,0.0055,0,1,0.0739,0.0055
"X426",0,0,0,0.0037,0,1,0.0604,0.0036
"X427",0,0,0,0.003,0,1,0.0551,0.003
"X428",0,0,0,0.0046,0,1,0.0675,0.0046
"X429",0,0,0,0.004,0,1,0.0628,0.004
"X430",0,0,0,0.0396,0,1,0.1952,0.0381
"X431",0,0,0,0.0046,0,1,0.0675,0.0046
"X432",0,0,0,0.0049,0,1,0.0697,0.0049
"X433",0,0,0,0.0046,0,1,0.0675,0.0046
"X434",0,0,0,0.003,0,1,0.0551,0.003
"X435",0,0,0,0.0162,0,1,0.1261,0.0159
"X436",0,0,0,0.0043,0,1,0.0652,0.0043
"X437",0,0,0,0.0073,0,1,0.0853,0.0073
"X438",0,0,0,0.003,0,1,0.0551,0.003
"X439",0,0,0,0.0037,0,1,0.0604,0.0036
"X440",0,0,0,0.0034,0,1,0.0578,0.0033
"X441",0,0,0,0.0046,0,1,0.0675,0.0046
"X442",0,0,0,0.0162,0,1,0.1261,0.0159
"X443",0,0,0,0.0034,0,1,0.0578,0.0033
"X444",0,0,0,0.0052,0,1,0.0718,0.0052
"X445",0,0,0,0.0037,0,1,0.0604,0.0036
"X446",0,0,0,0.003,0,1,0.0551,0.003
"X447",0,0,0,0.0034,0,1,0.0578,0.0033
"X448",0,0,0,0.0064,0,1,0.0798,0.0064
"X449",0,0,0,0.0034,0,1,0.0578,0.0033
"X450",0,0,0,0.0064,0,1,0.0798,0.0064
"X451",0,0,0,0.0046,0,1,0.0675,0.0046
"X452",0,0,0,0.0061,0,1,0.0779,0.0061
"X453",0,0,0,0.0037,0,1,0.0604,0.0036
"X454",0,0,0,0.0043,0,1,0.0652,0.0043
"X455",0,0,0,0.003,0,1,0.0551,0.003
"X456",0,0,0,0.0576,0,1,0.2331,0.0543
"X457",0,0,0,0.0046,0,1,0.0675,0.0046
"X458",0,0,0,0.0265,0,1,0.1607,0.0258
"X459",0,0,0,0.0034,0,1,0.0578,0.0033
"X460",0,0,0,0.003,0,1,0.0551,0.003
"X461",0,0,0,0.0226,0,1,0.1485,0.0221
"X462",0,0,0,0.0061,0,1,0.0779,0.0061
"X463",0,0,0,0.0037,0,1,0.0604,0.0036
"X464",0,0,0,0.0037,0,1,0.0604,0.0036
"X465",0,0,0,0.003,0,1,0.0551,0.003
"X466",0,0,0,0.0067,0,1,0.0816,0.0067
"X467",0,0,0,0.0091,0,1,0.0952,0.0091
"X468",0,0,0,0.0091,0,1,0.0952,0.0091
"X469",0,0,0,0.004,0,1,0.0628,0.004
"X470",0,0,0,0.0085,0,1,0.092,0.0085
"X471",0,0,0,0.004,0,1,0.0628,0.004
"X472",0,0,0,0.0043,0,1,0.0652,0.0043
"X473",0,0,0,0.003,0,1,0.0551,0.003
"X474",0,0,0,0.0043,0,1,0.0652,0.0043
"X475",0,0,0,0.0052,0,1,0.0718,0.0052
"X476",0,0,0,0.003,0,1,0.0551,0.003
"X477",0,0,0,0.0034,0,1,0.0578,0.0033
"X478",0,0,0,0.004,0,1,0.0628,0.004
"X479",0,0,0,0.0037,0,1,0.0604,0.0036
"X480",0,0,0,0.0034,0,1,0.0578,0.0033
"X481",0,0,0,0.0034,0,1,0.0578,0.0033
"X482",0,0,0,0.0043,0,1,0.0652,0.0043
"X483",0,0,0,0.003,0,1,0.0551,0.003
"X484",0,0,0,0.0046,0,1,0.0675,0.0046
"X485",0,0,0,0.0043,0,1,0.0652,0.0043
"X486",0,0,0,0.0043,0,1,0.0652,0.0043
"X487",0,0,0,0.0116,0,1,0.107,0.0115
"X488",0,0,0,0.0037,0,1,0.0604,0.0036
"X489",0,0,0,0.003,0,1,0.0551,0.003
"X490",0,0,0,0.004,0,1,0.0628,0.004
"X491",0,0,0,0.003,0,1,0.0551,0.003
"X492",0,0,0,0.0073,0,1,0.0853,0.0073
"X493",0,0,0,0.0043,0,1,0.0652,0.0043
"X494",0,0,0,0.0064,0,1,0.0798,0.0064
"X495",0,0,0,0.0049,0,1,0.0697,0.0049
"X496",0,0,0,0.0067,0,1,0.0816,0.0067
"X497",0,0,0,0.0034,0,1,0.0578,0.0033
"X498",0,0,0,0.0034,0,1,0.0578,0.0033
"X499",0,0,0,0.0073,0,1,0.0853,0.0073
"X500",0,0,0,0.0046,0,1,0.0675,0.0046
"X501",0,0,0,0.011,0,1,0.1042,0.0109
"X502",0,0,0,0.0064,0,1,0.0798,0.0064
"X503",0,0,0,0.0043,0,1,0.0652,0.0043
"X504",0,0,0,0.0043,0,1,0.0652,0.0043
"X505",0,0,0,0.0073,0,1,0.0853,0.0073
"X506",0,0,0,0.003,0,1,0.0551,0.003
"X507",0,0,0,0.0079,0,1,0.0887,0.0079
"X508",0,0,0,0.003,0,1,0.0551,0.003
"X509",0,0,0,0.0027,0,1,0.0523,0.0027
"X510",0,0,0,0.003,0,1,0.0551,0.003
"X511",0,0,0,0.0073,0,1,0.0853,0.0073
"X512",0,0,0,0.004,0,1,0.0628,0.004
"X513",0,0,0,0.0034,0,1,0.0578,0.0033
"X514",0,0,0,0.0079,0,1,0.0887,0.0079
"X515",0,0,0,0.007,0,1,0.0835,0.007
"X516",0,0,0,0.0073,0,1,0.0853,0.0073
"X517",0,0,0,0.003,0,1,0.0551,0.003
"X518",0,0,0,0.0073,0,1,0.0853,0.0073
"X519",0,0,0,0.003,0,1,0.0551,0.003
"X520",0,0,0,0.0037,0,1,0.0604,0.0036
"X521",0,0,0,0.0781,0,1,0.2683,0.072
"X522",0,0,0,0.0162,0,1,0.1261,0.0159
"X523",0,0,0,0.0034,0,1,0.0578,0.0033
"X524",0,0,0,0.0061,0,1,0.0779,0.0061
"X525",0,0,0,0.004,0,1,0.0628,0.004
"X526",0,0,0,0.0131,0,1,0.1138,0.0129
"X527",0,0,0,0.0046,0,1,0.0675,0.0046
"X528",0,0,0,0.0061,0,1,0.0779,0.0061
"X529",0,0,0,0.0046,0,1,0.0675,0.0046
"X530",0,0,0,0.007,0,1,0.0835,0.007
"X531",0,0,0,0.0162,0,1,0.1261,0.0159
"X532",0,0,0,0.0037,0,1,0.0604,0.0036
"X533",0,0,0,0.0229,0,1,0.1495,0.0224
"X534",0,0,0,0.003,0,1,0.0551,0.003
"X535",0,0,0,0.0034,0,1,0.0578,0.0033
"X536",0,0,0,0.0034,0,1,0.0578,0.0033
"X537",0,0,0,0.0043,0,1,0.0652,0.0043
"X538",0,0,0,0.0058,0,1,0.0759,0.0058
"X539",0,0,0,0.0095,0,1,0.0968,0.0094
"X540",0,0,0,0.0037,0,1,0.0604,0.0036
"X541",0,0,0,0.0268,0,1,0.1616,0.0261
"X542",0,0,0,0.0067,0,1,0.0816,0.0067
"X543",0,0,0,0.0037,0,1,0.0604,0.0036
"X544",0,0,0,0.003,0,1,0.0551,0.003
"X545",0,0,0,0.0034,0,1,0.0578,0.0033
"X546",0,0,0,0.0085,0,1,0.092,0.0085
"X547",0,0,0,0.003,0,1,0.0551,0.003
"X548",0,0,0,0.0073,0,1,0.0853,0.0073
"X549",0,0,0,0.1848,0,1,0.3882,0.1507
"X550",0,0,0,0.0043,0,1,0.0652,0.0043
"X551",0,0,0,0.0095,0,1,0.0968,0.0094
"X552",0,0,0,0.0259,0,1,0.1589,0.0253
"X553",0,0,0,0.0049,0,1,0.0697,0.0049
"X554",0,0,0,0.0064,0,1,0.0798,0.0064
"X555",0,0,0,0.0262,0,1,0.1598,0.0255
"X556",0,0,0,0.0046,0,1,0.0675,0.0046
"X557",0,0,0,0.0268,0,1,0.1616,0.0261
"X558",0,0,0,0.003,0,1,0.0551,0.003
"X559",0,0,0,0.0067,0,1,0.0816,0.0067
"X560",0,0,0,0.007,0,1,0.0835,0.007
"X561",0,0,0,0.003,0,1,0.0551,0.003
"X562",0,0,0,0.0043,0,1,0.0652,0.0043
"X563",0,0,0,0.0043,0,1,0.0652,0.0043
"X564",0,0,0,0.0037,0,1,0.0604,0.0036
"X565",0,0,0,0.0067,0,1,0.0816,0.0067
"X566",0,0,0,0.0037,0,1,0.0604,0.0036
"X567",0,0,0,0.0043,0,1,0.0652,0.0043
"X568",0,0,0,0.0055,0,1,0.0739,0.0055
"X569",0,0,0,0.0073,0,1,0.0853,0.0073
"X570",0,0,0,0.0015,0,1,0.039,0.0015
"X571",0,0,0,0.0064,0,1,0.0798,0.0064
"X572",0,0,0,0.0079,0,1,0.0887,0.0079
"X573",0,0,0,0.003,0,1,0.0551,0.003
"X574",0,0,0,0.0845,0,1,0.2781,0.0774
"X575",0,0,0,0.0229,0,1,0.1495,0.0224
"X576",0,0,0,0.0061,0,1,0.0779,0.0061
"X577",0,0,0,0.004,0,1,0.0628,0.004
"X578",0,0,0,0.0049,0,1,0.0697,0.0049
"X579",0,0,0,0.0091,0,1,0.0952,0.0091
"X580",0,0,0,0.0085,0,1,0.092,0.0085
"X581",0,0,0,0.003,0,1,0.0551,0.003
"X582",0,0,0,0.0085,0,1,0.092,0.0085
"X583",0,0,0,0.0104,0,1,0.1013,0.0103
"X584",0,0,0,0.004,0,1,0.0628,0.004
"X585",0,0,0,0.007,0,1,0.0835,0.007
"X586",0,0,0,0.0064,0,1,0.0798,0.0064
"X587",0,0,0,0.004,0,1,0.0628,0.004
"X588",0,0,0,0.0064,0,1,0.0798,0.0064
"X589",0,0,0,0.0034,0,1,0.0578,0.0033
"X590",0,0,0,0.007,0,1,0.0835,0.007
"X591",0,0,0,0.004,0,1,0.0628,0.004
"X592",0,0,0,0.0085,0,1,0.092,0.0085
"X593",0,0,0,0.0073,0,1,0.0853,0.0073
"X594",0,0,0,0.0037,0,1,0.0604,0.0036
"X595",0,0,0,0.0037,0,1,0.0604,0.0036
"X596",0,0,0,0.0116,0,1,0.107,0.0115
"X597",0,0,0,0.0061,0,1,0.0779,0.0061
"X598",0,0,0,0.0034,0,1,0.0578,0.0033
"X599",0,0,0,0.0043,0,1,0.0652,0.0043
"X600",0,0,0,0.0034,0,1,0.0578,0.0033
"X601",0,0,0,0.0058,0,1,0.0759,0.0058
"X602",0,0,0,0.0043,0,1,0.0652,0.0043
"X603",0,0,0,0.0339,0,1,0.1809,0.0327
"X604",0,0,0,0.0034,0,1,0.0578,0.0033
"X605",0,0,0,0.0064,0,1,0.0798,0.0064
"X606",0,0,0,0.004,0,1,0.0628,0.004
"X607",0,0,0,0.003,0,1,0.0551,0.003
"X608",0,0,0,0.0037,0,1,0.0604,0.0036
"X609",0,0,0,0.0095,0,1,0.0968,0.0094
"X610",0,0,0,0.0046,0,1,0.0675,0.0046
"X611",0,0,0,0.0061,0,1,0.0779,0.0061
"X612",0,0,0,0.0061,0,1,0.0779,0.0061
"X613",0,0,0,0.0037,0,1,0.0604,0.0036
"X614",0,0,0,0.0034,0,1,0.0578,0.0033
"X615",0,0,0,0.0034,0,1,0.0578,0.0033
"X616",0,0,0,0.004,0,1,0.0628,0.004
"X617",0,0,0,0.0043,0,1,0.0652,0.0043
"X618",0,0,0,0.011,0,1,0.1042,0.0109
"X619",0,0,0,0.0046,0,1,0.0675,0.0046
"X620",0,0,0,0.0034,0,1,0.0578,0.0033
"X621",0,0,0,0.0046,0,1,0.0675,0.0046
"X622",0,0,0,0.0034,0,1,0.0578,0.0033
"X623",0,0,0,0.0046,0,1,0.0675,0.0046
"X624",0,0,0,0.0043,0,1,0.0652,0.0043
"X625",0,0,0,0.0052,0,1,0.0718,0.0052
"X626",0,0,0,0.0034,0,1,0.0578,0.0033
"X627",0,0,0,0.0034,0,1,0.0578,0.0033
"X628",0,0,0,0.0055,0,1,0.0739,0.0055
"X629",0,0,0,0.0052,0,1,0.0718,0.0052
"X630",0,0,0,0.0037,0,1,0.0604,0.0036
"X631",0,0,0,0.0162,0,1,0.1261,0.0159
"X632",0,0,0,0.0073,0,1,0.0853,0.0073
"X633",0,0,0,0.003,0,1,0.0551,0.003
"X634",0,0,0,0.0037,0,1,0.0604,0.0036
"X635",0,0,0,0.0034,0,1,0.0578,0.0033
"X636",0,0,0,0.004,0,1,0.0628,0.004
"X637",0,0,0,0.003,0,1,0.0551,0.003
"X638",0,0,0,0.003,0,1,0.0551,0.003
"X639",0,0,0,0.0076,0,1,0.087,0.0076
"X640",0,0,0,0.0034,0,1,0.0578,0.0033
"X641",0,0,0,0.0046,0,1,0.0675,0.0046
"X642",0,0,0,0.0073,0,1,0.0853,0.0073
"X643",0,0,0,0.0055,0,1,0.0739,0.0055
"X644",0,0,0,0.003,0,1,0.0551,0.003
"X645",0,0,0,0.0043,0,1,0.0652,0.0043
"X646",0,0,0,0.0113,0,1,0.1056,0.0112
"X647",0,0,0,0.0091,0,1,0.0952,0.0091
"X648",0,0,0,0.0052,0,1,0.0718,0.0052
"X649",0,0,0,0.0171,0,1,0.1296,0.0168
"X650",0,0,0,0.0043,0,1,0.0652,0.0043
"X651",0,0,0,0.0165,0,1,0.1273,0.0162
"X652",0,0,0,0.0162,0,1,0.1261,0.0159
"X653",0,0,0,0.0076,0,1,0.087,0.0076
"X654",0,0,0,0.0229,0,1,0.1495,0.0224
"X655",0,0,0,0.0046,0,1,0.0675,0.0046
"X656",0,0,0,0.0213,0,1,0.1446,0.0209
"X657",0,0,0,0.0241,0,1,0.1534,0.0235
"X658",0,0,0,0.0067,0,1,0.0816,0.0067
"X659",0,0,0,0.0058,0,1,0.0759,0.0058
"X660",0,0,0,0.003,0,1,0.0551,0.003
"X661",0,0,0,0.0034,0,1,0.0578,0.0033
"X662",0,0,0,0.0049,0,1,0.0697,0.0049
"X663",0,0,0,0.003,0,1,0.0551,0.003
"X664",0,0,0,0.004,0,1,0.0628,0.004
"X665",0,0,0,0.004,0,1,0.0628,0.004
"X666",0,0,0,0.0034,0,1,0.0578,0.0033
"X667",0,0,0,0.003,0,1,0.0551,0.003
"X668",0,0,0,0.0085,0,1,0.092,0.0085
"X669",0,0,0,0.0034,0,1,0.0578,0.0033
"X670",0,0,0,0.0061,0,1,0.0779,0.0061
"X671",0,0,0,0.0037,0,1,0.0604,0.0036
"X672",0,0,0,0.0034,0,1,0.0578,0.0033
"X673",0,0,0,0.0034,0,1,0.0578,0.0033
"X674",0,0,0,0.0064,0,1,0.0798,0.0064
"X675",0,0,0,0.0058,0,1,0.0759,0.0058
"X676",0,0,0,0.0043,0,1,0.0652,0.0043
"X677",0,0,0,0.0073,0,1,0.0853,0.0073
"X678",0,0,0,0.0034,0,1,0.0578,0.0033
"X679",0,0,0,0.0043,0,1,0.0652,0.0043
"X680",0,0,0,0.0079,0,1,0.0887,0.0079
"X681",0,0,0,0.0095,0,1,0.0968,0.0094
"X682",0,0,0,0.003,0,1,0.0551,0.003
"X683",0,0,0,0.004,0,1,0.0628,0.004
"X684",0,0,0,0.003,0,1,0.0551,0.003
"X685",0,0,0,0.004,0,1,0.0628,0.004
"X686",0,0,0,0.011,0,1,0.1042,0.0109
"X687",0,0,0,0.0043,0,1,0.0652,0.0043
"X688",0,0,0,0.003,0,1,0.0551,0.003
"X689",0,0,0,0.004,0,1,0.0628,0.004
"X690",0,0,0,0.003,0,1,0.0551,0.003
"X691",0,0,0,0.0049,0,1,0.0697,0.0049
"X692",0,0,0,0.0046,0,1,0.0675,0.0046
"X693",0,0,0,0.0085,0,1,0.092,0.0085
"X694",0,0,0,0.0064,0,1,0.0798,0.0064
"X695",0,0,0,0.0064,0,1,0.0798,0.0064
"X696",0,0,0,0.0034,0,1,0.0578,0.0033
"X697",0,0,0,0.0043,0,1,0.0652,0.0043
"X698",0,0,0,0.007,0,1,0.0835,0.007
"X699",0,0,0,0.0037,0,1,0.0604,0.0036
"X700",0,0,0,0.007,0,1,0.0835,0.007
"X701",0,0,0,0.0125,0,1,0.1111,0.0124
"X702",0,0,0,0.007,0,1,0.0835,0.007
"X703",0,0,0,0.003,0,1,0.0551,0.003
"X704",0,0,0,0.0046,0,1,0.0675,0.0046
"X705",0,0,0,0.003,0,1,0.0551,0.003
"X706",0,0,0,0.004,0,1,0.0628,0.004
"X707",0,0,0,0.0046,0,1,0.0675,0.0046
"X708",0,0,0,0.003,0,1,0.0551,0.003
"X709",0,0,0,0.0037,0,1,0.0604,0.0036
"X710",0,0,0,0.0037,0,1,0.0604,0.0036
"X711",0,0,0,0.0073,0,1,0.0853,0.0073
"X712",0,0,0,0.0037,0,1,0.0604,0.0036
"X713",0,0,0,0.0034,0,1,0.0578,0.0033
"X714",0,0,0,0.0034,0,1,0.0578,0.0033
"X715",0,0,0,0.0058,0,1,0.0759,0.0058
"X716",0,0,0,0.0095,0,1,0.0968,0.0094
"X717",0,0,0,0.0055,0,1,0.0739,0.0055
"X718",0,0,0,0.007,0,1,0.0835,0.007
"X719",0,0,0,0.003,0,1,0.0551,0.003
"X720",0,0,0,0.0034,0,1,0.0578,0.0033
"X721",0,0,0,0.004,0,1,0.0628,0.004
"X722",0,0,0,0.0076,0,1,0.087,0.0076
"X723",0,0,0,0.0037,0,1,0.0604,0.0036
"X724",0,0,0,0.004,0,1,0.0628,0.004
"X725",0,0,0,0.0052,0,1,0.0718,0.0052
"X726",0,0,0,0.0125,0,1,0.1111,0.0124
"X727",0,0,0,0.003,0,1,0.0551,0.003
"X728",0,0,0,0.0034,0,1,0.0578,0.0033
"X729",0,0,0,0.0043,0,1,0.0652,0.0043
"X730",0,0,0,0.003,0,1,0.0551,0.003
"X731",0,0,0,0.0034,0,1,0.0578,0.0033
"X732",0,0,0,0.0073,0,1,0.0853,0.0073
"X733",0,0,0,0.0229,0,1,0.1495,0.0224
"X734",0,0,0,0.0073,0,1,0.0853,0.0073
"X735",0,0,0,0.0043,0,1,0.0652,0.0043
"X736",0,0,0,0.0229,0,1,0.1495,0.0224
"X737",0,0,0,0.004,0,1,0.0628,0.004
"X738",0,0,0,0.0085,0,1,0.092,0.0085
"X739",0,0,0,0.0052,0,1,0.0718,0.0052
"X740",0,0,0,0.0229,0,1,0.1495,0.0224
"X741",0,0,0,0.003,0,1,0.0551,0.003
"X742",0,0,0,0.0034,0,1,0.0578,0.0033
"X743",0,0,0,0.004,0,1,0.0628,0.004
"X744",0,0,0,0.0064,0,1,0.0798,0.0064
"X745",0,0,0,0.003,0,1,0.0551,0.003
"X746",0,0,0,0.0021,0,1,0.0462,0.0021
"X747",0,0,0,0.004,0,1,0.0628,0.004
"X748",0,0,0,0.007,0,1,0.0835,0.007
"X749",0,0,0,0.0091,0,1,0.0952,0.0091
"X750",0,0,0,0.0043,0,1,0.0652,0.0043
"X751",0,0,0,0.0058,0,1,0.0759,0.0058
"X752",0,0,0,0.0043,0,1,0.0652,0.0043
"X753",0,0,0,0.003,0,1,0.0551,0.003
"X754",0,0,0,0.0037,0,1,0.0604,0.0036
"X755",0,0,0,0.0085,0,1,0.092,0.0085
"X756",0,0,0,0.0073,0,1,0.0853,0.0073
"X757",0,0,0,0.0034,0,1,0.0578,0.0033
"X758",0,0,0,0.011,0,1,0.1042,0.0109
"X759",0,0,0,0.007,0,1,0.0835,0.007
"X760",0,0,0,0.0171,0,1,0.1296,0.0168
"X761",0,0,0,0.0034,0,1,0.0578,0.0033
"X762",0,0,0,0.0061,0,1,0.0779,0.0061
"X763",0,0,0,0.004,0,1,0.0628,0.004
"X764",0,0,0,0.0058,0,1,0.0759,0.0058
"X765",0,0,0,0.0052,0,1,0.0718,0.0052
"X766",0,0,0,0.0104,0,1,0.1013,0.0103
"X767",0,0,0,0.0046,0,1,0.0675,0.0046
"X768",0,0,0,0.0046,0,1,0.0675,0.0046
"X769",0,0,0,0.0073,0,1,0.0853,0.0073
"X770",0,0,0,0.0052,0,1,0.0718,0.0052
"X771",0,0,0,0.003,0,1,0.0551,0.003
"X772",0,0,0,0.0095,0,1,0.0968,0.0094
"X773",0,0,0,0.004,0,1,0.0628,0.004
"X774",0,0,0,0.003,0,1,0.0551,0.003
"X775",0,0,0,0.003,0,1,0.0551,0.003
"X776",0,0,0,0.0034,0,1,0.0578,0.0033
"X777",0,0,0,0.0043,0,1,0.0652,0.0043
"X778",0,0,0,0.0037,0,1,0.0604,0.0036
"X779",0,0,0,0.0034,0,1,0.0578,0.0033
"X780",0,0,0,0.0037,0,1,0.0604,0.0036
"X781",0,0,0,0.0067,0,1,0.0816,0.0067
"X782",0,0,0,0.0037,0,1,0.0604,0.0036
"X783",0,0,0,0.003,0,1,0.0551,0.003
"X784",0,0,0,0.003,0,1,0.0551,0.003
"X785",0,0,0,0.0091,0,1,0.0952,0.0091
"X786",0,0,0,0.0037,0,1,0.0604,0.0036
"X787",0,0,0,0.0034,0,1,0.0578,0.0033
"X788",0,0,0,0.0034,0,1,0.0578,0.0033
"X789",0,0,0,0.0095,0,1,0.0968,0.0094
"X790",0,0,0,0.0095,0,1,0.0968,0.0094
"X791",0,0,0,0.003,0,1,0.0551,0.003
"X792",0,0,0,0.0034,0,1,0.0578,0.0033
"X793",0,0,0,0.003,0,1,0.0551,0.003
"X794",0,0,0,0.0143,0,1,0.1189,0.0141
"X795",0,0,0,0.003,0,1,0.0551,0.003
"X796",0,0,0,0.0055,0,1,0.0739,0.0055
"X797",0,0,0,0.0034,0,1,0.0578,0.0033
"X798",0,0,0,0.0095,0,1,0.0968,0.0094
"X799",0,0,0,0.0049,0,1,0.0697,0.0049
"X800",0,0,0,0.0034,0,1,0.0578,0.0033
"X801",0,0,0,0.0052,0,1,0.0718,0.0052
"X802",0,0,0,0.0055,0,1,0.0739,0.0055
"X803",0,0,0,0.004,0,1,0.0628,0.004
"X804",0,0,0,0.0052,0,1,0.0718,0.0052
"X805",0,0,0,0.0034,0,1,0.0578,0.0033
"X806",0,0,0,0.0037,0,1,0.0604,0.0036
"X807",0,0,0,0.004,0,1,0.0628,0.004
"X808",0,0,0,0.0055,0,1,0.0739,0.0055
"X809",0,0,0,0.0058,0,1,0.0759,0.0058
"X810",0,0,0,0.0149,0,1,0.1213,0.0147
"X811",0,0,0,0.0043,0,1,0.0652,0.0043
"X812",0,0,0,0.003,0,1,0.0551,0.003
"X813",0,0,0,0.0046,0,1,0.0675,0.0046
"X814",0,0,0,0.004,0,1,0.0628,0.004
"X815",0,0,0,0.003,0,1,0.0551,0.003
"X816",0,0,0,0.0034,0,1,0.0578,0.0033
"X817",0,0,0,0.0037,0,1,0.0604,0.0036
"X818",0,0,0,0.0046,0,1,0.0675,0.0046
"X819",0,0,0,0.0079,0,1,0.0887,0.0079
"X820",0,0,0,0.0055,0,1,0.0739,0.0055
"X821",0,0,0,0.004,0,1,0.0628,0.004
"X822",0,0,0,0.0034,0,1,0.0578,0.0033
"X823",0,0,0,0.0064,0,1,0.0798,0.0064
"X824",0,0,0,0.0095,0,1,0.0968,0.0094
"X825",0,0,0,0.0046,0,1,0.0675,0.0046
"X826",0,0,0,0.003,0,1,0.0551,0.003
"X827",0,0,0,0.0052,0,1,0.0718,0.0052
"X828",0,0,0,0.0034,0,1,0.0578,0.0033
"X829",0,0,0,0.0064,0,1,0.0798,0.0064
"X830",0,0,0,0.0064,0,1,0.0798,0.0064
"X831",0,0,0,0.004,0,1,0.0628,0.004
"X832",0,0,0,0.0046,0,1,0.0675,0.0046
"X833",0,0,0,0.0037,0,1,0.0604,0.0036
"X834",0,0,0,0.0058,0,1,0.0759,0.0058
"X835",0,0,0,0.0064,0,1,0.0798,0.0064
"X836",0,0,0,0.0064,0,1,0.0798,0.0064
"X837",0,0,0,0.0046,0,1,0.0675,0.0046
"X838",0,0,0,0.0052,0,1,0.0718,0.0052
"X839",0,0,0,0.0043,0,1,0.0652,0.0043
"X840",0,0,0,0.003,0,1,0.0551,0.003
"X841",0,0,0,0.004,0,1,0.0628,0.004
"X842",0,0,0,0.0064,0,1,0.0798,0.0064
"X843",0,0,0,0.003,0,1,0.0551,0.003
"X844",0,0,0,0.0046,0,1,0.0675,0.0046
"X845",0,0,0,0.004,0,1,0.0628,0.004
"X846",0,0,0,0.0043,0,1,0.0652,0.0043
"X847",0,0,0,0.004,0,1,0.0628,0.004
"X848",0,0,0,0.003,0,1,0.0551,0.003
"X849",0,0,0,0.0027,0,1,0.0523,0.0027
"X850",0,0,0,0.0037,0,1,0.0604,0.0036
"X851",0,0,0,0.007,0,1,0.0835,0.007
"X852",0,0,0,0.007,0,1,0.0835,0.007
"X853",0,0,0,0.007,0,1,0.0835,0.007
"X854",0,0,0,0.0043,0,1,0.0652,0.0043
"X855",0,0,0,0.007,0,1,0.0835,0.007
"X856",0,0,0,0.0034,0,1,0.0578,0.0033
"X857",0,0,0,0.0049,0,1,0.0697,0.0049
"X858",0,0,0,0.0095,0,1,0.0968,0.0094
"X859",0,0,0,0.004,0,1,0.0628,0.004
"X860",0,0,0,0.0046,0,1,0.0675,0.0046
"X861",0,0,0,0.003,0,1,0.0551,0.003
"X862",0,0,0,0.004,0,1,0.0628,0.004
"X863",0,0,0,0.0037,0,1,0.0604,0.0036
"X864",0,0,0,0.0046,0,1,0.0675,0.0046
"X865",0,0,0,0.003,0,1,0.0551,0.003
"X866",0,0,0,0.0055,0,1,0.0739,0.0055
"X867",0,0,0,0.0064,0,1,0.0798,0.0064
"X868",0,0,0,0.0043,0,1,0.0652,0.0043
"X869",0,0,0,0.0043,0,1,0.0652,0.0043
"X870",0,0,0,0.0189,0,1,0.1362,0.0186
"X871",0,0,0,0.003,0,1,0.0551,0.003
"X872",0,0,0,0.0095,0,1,0.0968,0.0094
"X873",0,0,0,0.004,0,1,0.0628,0.004
"X874",0,0,0,0.003,0,1,0.0551,0.003
"X875",0,0,0,0.0113,0,1,0.1056,0.0112
"X876",0,0,0,0.0229,0,1,0.1495,0.0224
"X877",0,0,0,0.0043,0,1,0.0652,0.0043
"X878",0,0,0,0.0073,0,1,0.0853,0.0073
"X879",0,0,0,0.0037,0,1,0.0604,0.0036
"X880",0,0,0,0.0037,0,1,0.0604,0.0036
"X881",0,0,0,0.0052,0,1,0.0718,0.0052
"X882",0,0,0,0.0034,0,1,0.0578,0.0033
"X883",0,0,0,0.003,0,1,0.0551,0.003
"X884",0,0,0,0.003,0,1,0.0551,0.003
"X885",0,0,0,0.029,0,1,0.1678,0.0281
"X886",0,0,0,0.007,0,1,0.0835,0.007
"X887",0,0,0,0.003,0,1,0.0551,0.003
"X888",0,0,0,0.0043,0,1,0.0652,0.0043
"X889",0,0,0,0.0052,0,1,0.0718,0.0052
"X890",0,0,0,0.003,0,1,0.0551,0.003
"X891",0,0,0,0.0043,0,1,0.0652,0.0043
"X892",0,0,0,0.0043,0,1,0.0652,0.0043
"X893",0,0,0,0.0104,0,1,0.1013,0.0103
"X894",0,0,0,0.0049,0,1,0.0697,0.0049
"X895",0,0,0,0.0073,0,1,0.0853,0.0073
"X896",0,0,0,0.0064,0,1,0.0798,0.0064
"X897",0,0,0,0.0064,0,1,0.0798,0.0064
"X898",0,0,0,0.0061,0,1,0.0779,0.0061
"X899",0,0,0,0.0046,0,1,0.0675,0.0046
"X900",0,0,0,0.003,0,1,0.0551,0.003
"X901",0,0,0,0.0034,0,1,0.0578,0.0033
"X902",0,0,0,0.0058,0,1,0.0759,0.0058
"X903",0,0,0,0.007,0,1,0.0835,0.007
"X904",0,0,0,0.0079,0,1,0.0887,0.0079
"X905",0,0,0,0.0037,0,1,0.0604,0.0036
"X906",0,0,0,0.004,0,1,0.0628,0.004
"X907",0,0,0,0.003,0,1,0.0551,0.003
"X908",0,0,0,0.0037,0,1,0.0604,0.0036
"X909",0,0,0,0.007,0,1,0.0835,0.007
"X910",0,0,0,0.0043,0,1,0.0652,0.0043
"X911",0,0,0,0.0034,0,1,0.0578,0.0033
"X912",0,0,0,0.0046,0,1,0.0675,0.0046
"X913",0,0,0,0.003,0,1,0.0551,0.003
"X914",0,0,0,0.0034,0,1,0.0578,0.0033
"X915",0,0,0,0.0268,0,1,0.1616,0.0261
"X916",0,0,0,0.0104,0,1,0.1013,0.0103
"X917",0,0,0,0.0162,0,1,0.1261,0.0159
"X918",0,0,0,0.1848,0,1,0.3882,0.1507
"X919",0,0,0,0.0043,0,1,0.0652,0.0043
"X920",0,0,0,0.0125,0,1,0.1111,0.0124
"X921",0,0,0,0.007,0,1,0.0835,0.007
"X922",0,0,0,0.0095,0,1,0.0968,0.0094
"X923",0,0,0,0.003,0,1,0.0551,0.003
"X924",0,0,0,0.0034,0,1,0.0578,0.0033
"X925",0,0,0,0.0043,0,1,0.0652,0.0043
"X926",0,0,0,0.0034,0,1,0.0578,0.0033
"X927",0,0,0,0.0095,0,1,0.0968,0.0094
"X928",0,0,0,0.0046,0,1,0.0675,0.0046
"X929",0,0,0,0.0037,0,1,0.0604,0.0036
"X930",0,0,0,0.0095,0,1,0.0968,0.0094
"X931",0,0,0,0.004,0,1,0.0628,0.004
"X932",0,0,0,0.004,0,1,0.0628,0.004
"X933",0,0,0,0.0152,0,1,0.1226,0.015
"X934",0,0,0,0.0049,0,1,0.0697,0.0049
"X935",0,0,0,0.0052,0,1,0.0718,0.0052
"X936",0,0,0,0.0043,0,1,0.0652,0.0043
"X937",0,0,0,0.0046,0,1,0.0675,0.0046
"X938",0,0,0,0.0046,0,1,0.0675,0.0046
"X939",0,0,0,0.0339,0,1,0.1809,0.0327
"X940",0,0,0,0.003,0,1,0.0551,0.003
"X941",0,0,0,0.003,0,1,0.0551,0.003
"X942",0,0,0,0.0043,0,1,0.0652,0.0043
"X943",0,0,0,0.003,0,1,0.0551,0.003
"X944",0,0,0,0.003,0,1,0.0551,0.003
"X945",0,0,0,0.003,0,1,0.0551,0.003
"X946",0,0,0,0.0079,0,1,0.0887,0.0079
"X947",0,0,0,0.0034,0,1,0.0578,0.0033
"X948",0,0,0,0.0631,0,1,0.2432,0.0592
"X949",0,0,0,0.0073,0,1,0.0853,0.0073
"X950",0,0,0,0.0043,0,1,0.0652,0.0043
"X951",0,0,0,0.0274,0,1,0.1634,0.0267
"X952",0,0,0,0.0034,0,1,0.0578,0.0033
"X953",0,0,0,0.0034,0,1,0.0578,0.0033
"X954",0,0,0,0.0076,0,1,0.087,0.0076
"X955",0,0,0,0.003,0,1,0.0551,0.003
"X956",0,0,0,0.003,0,1,0.0551,0.003
"X957",0,0,0,0.0058,0,1,0.0759,0.0058
"X958",0,0,0,0.0098,0,1,0.0983,0.0097
"X959",0,0,0,0.004,0,1,0.0628,0.004
"X960",0,0,0,0.0046,0,1,0.0675,0.0046
"X961",0,0,0,0.0073,0,1,0.0853,0.0073
"X962",0,0,0,0.0034,0,1,0.0578,0.0033
"X963",0,0,0,0.0201,0,1,0.1405,0.0197
"X964",0,0,0,0.003,0,1,0.0551,0.003
"X965",0,0,0,0.004,0,1,0.0628,0.004
"X966",0,0,0,0.0101,0,1,0.0998,0.01
"X967",0,0,0,0.0034,0,1,0.0578,0.0033
"X968",0,0,0,0.0073,0,1,0.0853,0.0073
"X969",0,0,0,0.0354,0,1,0.1848,0.0341
"X970",0,0,0,0.0046,0,1,0.0675,0.0046
"X971",0,0,0,0.0052,0,1,0.0718,0.0052
"X972",0,0,0,0.0037,0,1,0.0604,0.0036
"X973",0,0,0,0.0079,0,1,0.0887,0.0079
"X974",0,0,0,0.0018,0,1,0.0427,0.0018
"X975",0,0,0,0.0037,0,1,0.0604,0.0036
"X976",0,0,0,0.0037,0,1,0.0604,0.0036
"X977",0,0,0,0.003,0,1,0.0551,0.003
"X978",0,0,0,0.0162,0,1,0.1261,0.0159
"X979",0,0,0,0.0055,0,1,0.0739,0.0055
"X980",0,0,0,0.0104,0,1,0.1013,0.0103
"X981",0,0,0,0.003,0,1,0.0551,0.003
"X982",0,0,0,0.0101,0,1,0.0998,0.01
"X983",0,0,0,0.0082,0,1,0.0904,0.0082
"X984",0,0,0,0.0076,0,1,0.087,0.0076
"X985",0,0,0,0.0052,0,1,0.0718,0.0052
"X986",0,0,0,0.0037,0,1,0.0604,0.0036
"X987",0,0,0,0.003,0,1,0.0551,0.003
"X988",0,0,0,0.0043,0,1,0.0652,0.0043
"X989",0,0,0,0.0034,0,1,0.0578,0.0033
"X990",0,0,0,0.007,0,1,0.0835,0.007
"X991",0,0,0,0.0061,0,1,0.0779,0.0061
"X992",0,0,0,0.0027,0,1,0.0523,0.0027
"X993",0,0,0,0.004,0,1,0.0628,0.004
"X994",0,0,0,0.0058,0,1,0.0759,0.0058
"X995",0,0,0,0.0058,0,1,0.0759,0.0058
"X996",0,0,0,0.0064,0,1,0.0798,0.0064
"X997",0,0,0,0.0046,0,1,0.0675,0.0046
"X998",0,0,0,0.003,0,1,0.0551,0.003
"X999",0,0,0,0.0396,0,1,0.1952,0.0381
"X1000",0,0,0,0.0037,0,1,0.0604,0.0036
"X1001",0,0,0,0.0082,0,1,0.0904,0.0082
"X1002",0,0,0,0.004,0,1,0.0628,0.004
"X1003",0,0,0,0.0049,0,1,0.0697,0.0049
"X1004",0,0,0,0.007,0,1,0.0835,0.007
"X1005",0,0,0,0.0073,0,1,0.0853,0.0073
"X1006",0,0,0,0.0034,0,1,0.0578,0.0033
"X1007",0,0,0,0.0171,0,1,0.1296,0.0168
"X1008",0,0,0,0.0049,0,1,0.0697,0.0049
"X1009",0,0,0,0.0049,0,1,0.0697,0.0049
"X1010",0,0,0,0.0058,0,1,0.0759,0.0058
"X1011",0,0,0,0.0034,0,1,0.0578,0.0033
"X1012",0,0,0,0.0076,0,1,0.087,0.0076
"X1013",0,0,0,0.007,0,1,0.0835,0.007
"X1014",0,0,0,0.003,0,1,0.0551,0.003
"X1015",0,0,0,0.0034,0,1,0.0578,0.0033
"X1016",0,0,0,0.025,0,1,0.1562,0.0244
"X1017",0,0,0,0.0034,0,1,0.0578,0.0033
"X1018",0,0,0,0.003,0,1,0.0551,0.003
"X1019",0,0,0,0.0204,0,1,0.1415,0.02
"X1020",0,0,0,0.0122,0,1,0.1098,0.0121
"X1021",0,0,0,0.0073,0,1,0.0853,0.0073
"X1022",0,0,0,0.0049,0,1,0.0697,0.0049
"X1023",0,0,0,0.0119,0,1,0.1084,0.0118
"X1024",0,0,0,0.0046,0,1,0.0675,0.0046
"X1025",0,0,0,0.0049,0,1,0.0697,0.0049
"X1026",0,0,0,0.0043,0,1,0.0652,0.0043
"X1027",0,0,0,0.0247,0,1,0.1552,0.0241
"X1028",0,0,0,0.003,0,1,0.0551,0.003
"X1029",0,0,0,0.0061,0,1,0.0779,0.0061
"X1030",0,0,0,0.0037,0,1,0.0604,0.0036
"X1031",0,0,0,0.0037,0,1,0.0604,0.0036
"X1032",0,0,0,0.0116,0,1,0.107,0.0115
"X1033",0,0,0,0.0043,0,1,0.0652,0.0043
"X1034",0,0,0,0.0034,0,1,0.0578,0.0033
"X1035",0,0,0,0.003,0,1,0.0551,0.003
"X1036",0,0,0,0.0061,0,1,0.0779,0.0061
"X1037",0,0,0,0.007,0,1,0.0835,0.007
"X1038",0,0,0,0.0037,0,1,0.0604,0.0036
"X1039",0,0,0,0.0101,0,1,0.0998,0.01
"X1040",0,0,0,0.0049,0,1,0.0697,0.0049
"X1041",0,0,0,0.0082,0,1,0.0904,0.0082
"X1042",0,0,0,0.0018,0,1,0.0427,0.0018
"X1043",0,0,0,0.003,0,1,0.0551,0.003
"X1044",0,0,0,0.0268,0,1,0.1616,0.0261
"X1045",0,0,0,0.0037,0,1,0.0604,0.0036
"X1046",0,0,0,0.0046,0,1,0.0675,0.0046
"X1047",0,0,0,0.007,0,1,0.0835,0.007
"X1048",0,0,0,0.0247,0,1,0.1552,0.0241
"X1049",0,0,0,0.003,0,1,0.0551,0.003
"X1050",0,0,0,0.0037,0,1,0.0604,0.0036
"X1051",0,0,0,0.0067,0,1,0.0816,0.0067
"X1052",0,0,0,0.003,0,1,0.0551,0.003
"X1053",0,0,0,0.0098,0,1,0.0983,0.0097
"X1054",0,0,0,0.003,0,1,0.0551,0.003
"X1055",0,0,0,0.0037,0,1,0.0604,0.0036
"X1056",0,0,0,0.0034,0,1,0.0578,0.0033
"X1057",0,0,0,0.0043,0,1,0.0652,0.0043
"X1058",0,0,0,0.0046,0,1,0.0675,0.0046
"X1059",0,0,0,0.0146,0,1,0.1201,0.0144
"X1060",0,0,0,0.0055,0,1,0.0739,0.0055
"X1061",0,0,0,0.0128,0,1,0.1125,0.0126
"X1062",0,0,0,0.004,0,1,0.0628,0.004
"X1063",0,0,0,0.0162,0,1,0.1261,0.0159
"X1064",0,0,0,0.0061,0,1,0.0779,0.0061
"X1065",0,0,0,0.0037,0,1,0.0604,0.0036
"X1066",0,0,0,0.003,0,1,0.0551,0.003
"X1067",0,0,0,0.0034,0,1,0.0578,0.0033
"X1068",0,0,0,0.0052,0,1,0.0718,0.0052
"X1069",0,0,0,0.0034,0,1,0.0578,0.0033
"X1070",0,0,0,0.0034,0,1,0.0578,0.0033
"X1071",0,0,0,0.003,0,1,0.0551,0.003
"X1072",0,0,0,0.0046,0,1,0.0675,0.0046
"X1073",0,0,0,0.0037,0,1,0.0604,0.0036
"X1074",0,0,0,0.0043,0,1,0.0652,0.0043
"X1075",0,0,0,0.0229,0,1,0.1495,0.0224
"X1076",0,0,0,0.0037,0,1,0.0604,0.0036
"X1077",0,0,0,0.0073,0,1,0.0853,0.0073
"X1078",0,0,0,0.004,0,1,0.0628,0.004
"X1079",0,0,0,0.0076,0,1,0.087,0.0076
"X1080",0,0,0,0.003,0,1,0.0551,0.003
"X1081",0,0,0,0.0058,0,1,0.0759,0.0058
"X1082",0,0,0,0.0034,0,1,0.0578,0.0033
"X1083",0,0,0,0.0101,0,1,0.0998,0.01
"X1084",0,0,0,0.0058,0,1,0.0759,0.0058
"X1085",0,0,0,0.0021,0,1,0.0462,0.0021
"X1086",0,0,0,0.0052,0,1,0.0718,0.0052
"X1087",0,0,0,0.004,0,1,0.0628,0.004
"X1088",0,0,0,0.0067,0,1,0.0816,0.0067
"X1089",0,0,0,0.0018,0,1,0.0427,0.0018
"X1090",0,0,0,0.0168,0,1,0.1284,0.0165
"X1091",0,0,0,0.004,0,1,0.0628,0.004
"X1092",0,0,0,0.003,0,1,0.0551,0.003
"X1093",0,0,0,0.003,0,1,0.0551,0.003
"X1094",0,0,0,0.0037,0,1,0.0604,0.0036
"X1095",0,0,0,0.0015,0,1,0.039,0.0015
"X1096",0,0,0,0.0049,0,1,0.0697,0.0049
"X1097",0,0,0,0.0082,0,1,0.0904,0.0082
"X1098",0,0,0,0.0046,0,1,0.0675,0.0046
"X1099",0,0,0,0.0034,0,1,0.0578,0.0033
"X1100",0,0,0,0.0061,0,1,0.0779,0.0061
"X1101",0,0,0,0.0043,0,1,0.0652,0.0043
"X1102",0,0,0,0.0064,0,1,0.0798,0.0064
"X1103",0,0,0,0.0049,0,1,0.0697,0.0049
"X1104",0,0,0,0.003,0,1,0.0551,0.003
"X1105",0,0,0,0.0034,0,1,0.0578,0.0033
"X1106",0,0,0,0.004,0,1,0.0628,0.004
"X1107",0,0,0,0.0073,0,1,0.0853,0.0073
"X1108",0,0,0,0.007,0,1,0.0835,0.007
"X1109",0,0,0,0.0238,0,1,0.1524,0.0232
"X1110",0,0,0,0.0052,0,1,0.0718,0.0052
"X1111",0,0,0,0.0043,0,1,0.0652,0.0043
"X1112",0,0,0,0.0037,0,1,0.0604,0.0036
"X1113",0,0,0,0.0046,0,1,0.0675,0.0046
"X1114",0,0,0,0.004,0,1,0.0628,0.004
"X1115",0,0,0,0.0027,0,1,0.0523,0.0027
"X1116",0,0,0,0.0015,0,1,0.039,0.0015
"X1117",0,0,0,0.007,0,1,0.0835,0.007
"X1118",0,0,0,0.0043,0,1,0.0652,0.0043
"X1119",0,0,0,0.0238,0,1,0.1524,0.0232
"X1120",0,0,0,0.0058,0,1,0.0759,0.0058
"X1121",0,0,0,0.0073,0,1,0.0853,0.0073
"X1122",0,0,0,0.0037,0,1,0.0604,0.0036
"X1123",0,0,0,0.0204,0,1,0.1415,0.02
"X1124",0,0,0,0.0113,0,1,0.1056,0.0112
"X1125",0,0,0,0.004,0,1,0.0628,0.004
"X1126",0,0,0,0.0012,0,1,0.0349,0.0012
"X1127",0,0,0,0.0058,0,1,0.0759,0.0058
"X1128",0,0,0,0.0034,0,1,0.0578,0.0033
"X1129",0,0,0,0.0034,0,1,0.0578,0.0033
"X1130",0,0,0,0.003,0,1,0.0551,0.003
"X1131",0,0,0,0.003,0,1,0.0551,0.003
"X1132",0,0,0,0.0046,0,1,0.0675,0.0046
"X1133",0,0,0,0.0204,0,1,0.1415,0.02
"X1134",0,0,0,0.003,0,1,0.0551,0.003
"X1135",0,0,0,0.004,0,1,0.0628,0.004
"X1136",0,0,0,0.0046,0,1,0.0675,0.0046
"X1137",0,0,0,0.1574,0,1,0.3642,0.1326
"X1138",0,0,0,0.003,0,1,0.0551,0.003
"X1139",0,0,0,0.003,0,1,0.0551,0.003
"X1140",0,0,0,0.0247,0,1,0.1552,0.0241
"X1141",0,0,0,0.0107,0,1,0.1028,0.0106
"X1142",0,0,0,0.004,0,1,0.0628,0.004
"X1143",0,0,0,0.004,0,1,0.0628,0.004
"X1144",0,0,0,0.0274,0,1,0.1634,0.0267
"X1145",0,0,0,0.007,0,1,0.0835,0.007
"X1146",0,0,0,0.0037,0,1,0.0604,0.0036
"X1147",0,0,0,0.0082,0,1,0.0904,0.0082
"X1148",0,0,0,0.0037,0,1,0.0604,0.0036
"X1149",0,0,0,0.003,0,1,0.0551,0.003
"X1150",0,0,0,0.0046,0,1,0.0675,0.0046
"X1151",0,0,0,0.0201,0,1,0.1405,0.0197
"X1152",0,0,0,0.0021,0,1,0.0462,0.0021
"X1153",0,0,0,0.0046,0,1,0.0675,0.0046
"X1154",0,0,0,0.0274,0,1,0.1634,0.0267
"X1155",0,0,0,0.0244,0,1,0.1543,0.0238
"X1156",0,0,0,0.0034,0,1,0.0578,0.0033
"X1157",0,0,0,0.0046,0,1,0.0675,0.0046
"X1158",0,0,0,0.003,0,1,0.0551,0.003
"X1159",0,0,0,0.0034,0,1,0.0578,0.0033
"X1160",0,0,0,0.0067,0,1,0.0816,0.0067
"X1161",0,0,0,0.0037,0,1,0.0604,0.0036
"X1162",0,0,0,0.0061,0,1,0.0779,0.0061
"X1163",0,0,0,0.003,0,1,0.0551,0.003
"X1164",0,0,0,0.0034,0,1,0.0578,0.0033
"X1165",0,0,0,0.0043,0,1,0.0652,0.0043
"X1166",0,0,0,0.0107,0,1,0.1028,0.0106
"X1167",0,0,0,0.0058,0,1,0.0759,0.0058
"X1168",0,0,0,0.0049,0,1,0.0697,0.0049
"X1169",0,0,0,0.003,0,1,0.0551,0.003
"X1170",0,0,0,0.004,0,1,0.0628,0.004
"X1171",0,0,0,0.003,0,1,0.0551,0.003
"X1172",0,0,0,0.004,0,1,0.0628,0.004
"X1173",0,0,0,0.0091,0,1,0.0952,0.0091
"X1174",0,0,0,0.0055,0,1,0.0739,0.0055
"X1175",0,0,0,0.003,0,1,0.0551,0.003
"X1176",0,0,0,0.0034,0,1,0.0578,0.0033
"X1177",0,0,0,0.003,0,1,0.0551,0.003
"X1178",0,0,0,0.003,0,1,0.0551,0.003
"X1179",0,0,0,0.0046,0,1,0.0675,0.0046
"X1180",0,0,0,0.0076,0,1,0.087,0.0076
"X1181",0,0,0,0.0082,0,1,0.0904,0.0082
"X1182",0,0,0,0.0043,0,1,0.0652,0.0043
"X1183",0,0,0,0.0088,0,1,0.0936,0.0088
"X1184",0,0,0,0.0037,0,1,0.0604,0.0036
"X1185",0,0,0,0.0162,0,1,0.1261,0.0159
"X1186",0,0,0,0.003,0,1,0.0551,0.003
"X1187",0,0,0,0.0055,0,1,0.0739,0.0055
"X1188",0,0,0,0.0058,0,1,0.0759,0.0058
"X1189",0,0,0,0.0073,0,1,0.0853,0.0073
"X1190",0,0,0,0.0122,0,1,0.1098,0.0121
"X1191",0,0,0,0.0046,0,1,0.0675,0.0046
"X1192",0,0,0,0.0024,0,1,0.0493,0.0024
"X1193",0,0,0,0.0043,0,1,0.0652,0.0043
"X1194",0,0,0,0.0177,0,1,0.1318,0.0174
"X1195",0,0,0,0.0049,0,1,0.0697,0.0049
"X1196",0,0,0,0.0204,0,1,0.1415,0.02
"X1197",0,0,0,0.0098,0,1,0.0983,0.0097
"X1198",0,0,0,0.0085,0,1,0.092,0.0085
"X1199",0,0,0,0.0244,0,1,0.1543,0.0238
"X1200",0,0,0,0.0037,0,1,0.0604,0.0036
"X1201",0,0,0,0.003,0,1,0.0551,0.003
"X1202",0,0,0,0.0037,0,1,0.0604,0.0036
"X1203",0,0,0,0.0177,0,1,0.1318,0.0174
"X1204",0,0,0,0.0046,0,1,0.0675,0.0046
"X1205",0,0,0,0.0046,0,1,0.0675,0.0046
"X1206",0,0,0,0.0119,0,1,0.1084,0.0118
"X1207",0,0,0,0.0043,0,1,0.0652,0.0043
"X1208",0,0,0,0.0146,0,1,0.1201,0.0144
"X1209",0,0,0,0.0043,0,1,0.0652,0.0043
"X1210",0,0,0,0.003,0,1,0.0551,0.003
"X1211",0,0,0,0.0049,0,1,0.0697,0.0049
"X1212",0,0,0,0.0088,0,1,0.0936,0.0088
"X1213",0,0,0,0.0027,0,1,0.0523,0.0027
"X1214",0,0,0,0.0064,0,1,0.0798,0.0064
"X1215",0,0,0,0.0055,0,1,0.0739,0.0055
"X1216",0,0,0,0.0064,0,1,0.0798,0.0064
"X1217",0,0,0,0.003,0,1,0.0551,0.003
"X1218",0,0,0,0.0058,0,1,0.0759,0.0058
"X1219",0,0,0,0.0244,0,1,0.1543,0.0238
"X1220",0,0,0,0.003,0,1,0.0551,0.003
"X1221",0,0,0,0.003,0,1,0.0551,0.003
"X1222",0,0,0,0.0143,0,1,0.1189,0.0141
"X1223",0,0,0,0.004,0,1,0.0628,0.004
"X1224",0,0,0,0.0055,0,1,0.0739,0.0055
"X1225",0,0,0,0.0061,0,1,0.0779,0.0061
"X1226",0,0,0,0.0037,0,1,0.0604,0.0036
"X1227",0,0,0,0.0046,0,1,0.0675,0.0046
"X1228",0,0,0,0.0046,0,1,0.0675,0.0046
"X1229",0,0,0,0.0055,0,1,0.0739,0.0055
"X1230",0,0,0,0.0226,0,1,0.1485,0.0221
"X1231",0,0,0,0.003,0,1,0.0551,0.003
"X1232",0,0,0,0.0043,0,1,0.0652,0.0043
"X1233",0,0,0,0.0037,0,1,0.0604,0.0036
"X1234",0,0,0,0.0049,0,1,0.0697,0.0049
"X1235",0,0,0,0.003,0,1,0.0551,0.003
"X1236",0,0,0,0.0046,0,1,0.0675,0.0046
"X1237",0,0,0,0.004,0,1,0.0628,0.004
"X1238",0,0,0,0.003,0,1,0.0551,0.003
"X1239",0,0,0,0.0061,0,1,0.0779,0.0061
"X1240",0,0,0,0.004,0,1,0.0628,0.004
"X1241",0,0,0,0.1513,0,1,0.3584,0.1284
"X1242",0,0,0,0.0064,0,1,0.0798,0.0064
"X1243",0,0,0,0.0049,0,1,0.0697,0.0049
"X1244",0,0,0,0.0631,0,1,0.2432,0.0592
"X1245",0,0,0,0.0067,0,1,0.0816,0.0067
"X1246",0,0,0,0.004,0,1,0.0628,0.004
"X1247",0,0,0,0.0049,0,1,0.0697,0.0049
"X1248",0,0,0,0.0125,0,1,0.1111,0.0124
"X1249",0,0,0,0.0034,0,1,0.0578,0.0033
"X1250",0,0,0,0.004,0,1,0.0628,0.004
"X1251",0,0,0,0.0034,0,1,0.0578,0.0033
"X1252",0,0,0,0.004,0,1,0.0628,0.004
"X1253",0,0,0,0.0037,0,1,0.0604,0.0036
"X1254",0,0,0,0.05,0,1,0.218,0.0475
"X1255",0,0,0,0.0128,0,1,0.1125,0.0126
"X1256",0,0,0,0.003,0,1,0.0551,0.003
"X1257",0,0,0,0.004,0,1,0.0628,0.004
"X1258",0,0,0,0.003,0,1,0.0551,0.003
"X1259",0,0,0,0.0018,0,1,0.0427,0.0018
"X1260",0,0,0,0.0034,0,1,0.0578,0.0033
"X1261",0,0,0,0.0043,0,1,0.0652,0.0043
"X1262",0,0,0,0.0043,0,1,0.0652,0.0043
"X1263",0,0,0,0.004,0,1,0.0628,0.004
"X1264",0,0,0,0.0195,0,1,0.1384,0.0191
"X1265",0,0,0,0.0067,0,1,0.0816,0.0067
"X1266",0,0,0,0.0034,0,1,0.0578,0.0033
"X1267",0,0,0,0.003,0,1,0.0551,0.003
"X1268",0,0,0,0.0128,0,1,0.1125,0.0126
"X1269",0,0,0,0.0034,0,1,0.0578,0.0033
"X1270",0,0,0,0.003,0,1,0.0551,0.003
"X1271",0,0,0,0.004,0,1,0.0628,0.004
"X1272",0,0,0,0.007,0,1,0.0835,0.007
"X1273",0,0,0,0.0046,0,1,0.0675,0.0046
"X1274",0,0,0,0.003,0,1,0.0551,0.003
"X1275",0,0,0,0.003,0,1,0.0551,0.003
"X1276",0,0,0,0.0058,0,1,0.0759,0.0058
"X1277",0,0,0,0.0082,0,1,0.0904,0.0082
"X1278",0,0,0,0.004,0,1,0.0628,0.004
"X1279",0,0,0,0.1125,0,1,0.3161,0.0999
"X1280",0,0,0,0.0067,0,1,0.0816,0.0067
"X1281",0,0,0,0.0067,0,1,0.0816,0.0067
"X1282",0,0,0,0.0043,0,1,0.0652,0.0043
"X1283",0,0,0,0.003,0,1,0.0551,0.003
"X1284",0,0,0,0.0049,0,1,0.0697,0.0049
"X1285",0,0,0,0.0046,0,1,0.0675,0.0046
"X1286",0,0,0,0.0046,0,1,0.0675,0.0046
"X1287",0,0,0,0.0027,0,1,0.0523,0.0027
"X1288",0,0,0,0.003,0,1,0.0551,0.003
"X1289",0,0,0,0.0073,0,1,0.0853,0.0073
"X1290",0,0,0,0.0204,0,1,0.1415,0.02
"X1291",0,0,0,0.0043,0,1,0.0652,0.0043
"X1292",0,0,0,0.0165,0,1,0.1273,0.0162
"X1293",0,0,0,0.003,0,1,0.0551,0.003
"X1294",0,0,0,0.0067,0,1,0.0816,0.0067
"X1295",0,0,0,0.0027,0,1,0.0523,0.0027
"X1296",0,0,0,0.0113,0,1,0.1056,0.0112
"X1297",0,0,0,0.0043,0,1,0.0652,0.0043
"X1298",0,0,0,0.004,0,1,0.0628,0.004
"X1299",0,0,0,0.0052,0,1,0.0718,0.0052
"X1300",0,0,0,0.0021,0,1,0.0462,0.0021
"X1301",0,0,0,0.003,0,1,0.0551,0.003
"X1302",0,0,0,0.0177,0,1,0.1318,0.0174
"X1303",0,0,0,0.0091,0,1,0.0952,0.0091
"X1304",0,0,0,0.0122,0,1,0.1098,0.0121
"X1305",0,0,0,0.003,0,1,0.0551,0.003
"X1306",0,0,0,0.0037,0,1,0.0604,0.0036
"X1307",0,0,0,0.007,0,1,0.0835,0.007
"X1308",0,0,0,0.0055,0,1,0.0739,0.0055
"X1309",0,0,0,0.0015,0,1,0.039,0.0015
"X1310",0,0,0,0.0082,0,1,0.0904,0.0082
"X1311",0,0,0,0.0058,0,1,0.0759,0.0058
"X1312",0,0,0,0.003,0,1,0.0551,0.003
"X1313",0,0,0,0.0046,0,1,0.0675,0.0046
"X1314",0,0,0,0.0204,0,1,0.1415,0.02
"X1315",0,0,0,0.0046,0,1,0.0675,0.0046
"X1316",0,0,0,0.0061,0,1,0.0779,0.0061
"X1317",0,0,0,0.003,0,1,0.0551,0.003
"X1318",0,0,0,0.004,0,1,0.0628,0.004
"X1319",0,0,0,0.0037,0,1,0.0604,0.0036
"X1320",0,0,0,0.0171,0,1,0.1296,0.0168
"X1321",0,0,0,0.0034,0,1,0.0578,0.0033
"X1322",0,0,0,0.0046,0,1,0.0675,0.0046
"X1323",0,0,0,0.0125,0,1,0.1111,0.0124
"X1324",0,0,0,0.003,0,1,0.0551,0.003
"X1325",0,0,0,0.0049,0,1,0.0697,0.0049
"X1326",0,0,0,0.0037,0,1,0.0604,0.0036
"X1327",0,0,0,0.0049,0,1,0.0697,0.0049
"X1328",0,0,0,0.0146,0,1,0.1201,0.0144
"X1329",0,0,0,0.0143,0,1,0.1189,0.0141
"X1330",0,0,0,0.0037,0,1,0.0604,0.0036
"X1331",0,0,0,0.0021,0,1,0.0462,0.0021
"X1332",0,0,0,0.0046,0,1,0.0675,0.0046
"X1333",0,0,0,0.0015,0,1,0.039,0.0015
"X1334",0,0,0,0.0064,0,1,0.0798,0.0064
"X1335",0,0,0,0.003,0,1,0.0551,0.003
"X1336",0,0,0,0.0085,0,1,0.092,0.0085
"X1337",0,0,0,0.004,0,1,0.0628,0.004
"X1338",0,0,0,0.003,0,1,0.0551,0.003
"X1339",0,0,0,0.0049,0,1,0.0697,0.0049
"X1340",0,0,0,0.0052,0,1,0.0718,0.0052
"X1341",0,0,0,0.0037,0,1,0.0604,0.0036
"X1342",0,0,0,0.0079,0,1,0.0887,0.0079
"X1343",0,0,0,0.0058,0,1,0.0759,0.0058
"X1344",0,0,0,0.0085,0,1,0.092,0.0085
"X1345",0,0,0,0.0314,0,1,0.1745,0.0304
"X1346",0,0,0,0.003,0,1,0.0551,0.003
"X1347",0,0,0,0.0043,0,1,0.0652,0.0043
"X1348",0,0,0,0.0049,0,1,0.0697,0.0049
"X1349",0,0,0,0.0046,0,1,0.0675,0.0046
"X1350",0,0,0,0.0037,0,1,0.0604,0.0036
"X1351",0,0,0,0.0085,0,1,0.092,0.0085
"X1352",0,0,0,0.0305,0,1,0.172,0.0296
"X1353",0,0,0,0.0037,0,1,0.0604,0.0036
"X1354",0,0,0,0.003,0,1,0.0551,0.003
"X1355",0,0,0,0.003,0,1,0.0551,0.003
"X1356",0,0,0,0.0052,0,1,0.0718,0.0052
"X1357",0,0,0,0.0034,0,1,0.0578,0.0033
"X1358",0,0,0,0.003,0,1,0.0551,0.003
"X1359",0,0,0,0.0015,0,1,0.039,0.0015
"X1360",0,0,0,0.0058,0,1,0.0759,0.0058
"X1361",0,0,0,0.003,0,1,0.0551,0.003
"X1362",0,0,0,0.0043,0,1,0.0652,0.0043
"X1363",0,0,0,0.0156,0,1,0.1238,0.0153
"X1364",0,0,0,0.0027,0,1,0.0523,0.0027
"X1365",0,0,0,0.0076,0,1,0.087,0.0076
"X1366",0,0,0,0.0046,0,1,0.0675,0.0046
"X1367",0,0,0,0.0162,0,1,0.1261,0.0159
"X1368",0,0,0,0.0256,0,1,0.158,0.025
"X1369",0,0,0,0.0034,0,1,0.0578,0.0033
"X1370",0,0,0,0.0064,0,1,0.0798,0.0064
"X1371",0,0,0,0.0049,0,1,0.0697,0.0049
"X1372",0,0,0,0.0076,0,1,0.087,0.0076
"X1373",0,0,0,0.003,0,1,0.0551,0.003
"X1374",0,0,0,0.0168,0,1,0.1284,0.0165
"X1375",0,0,0,0.0043,0,1,0.0652,0.0043
"X1376",0,0,0,0.0046,0,1,0.0675,0.0046
"X1377",0,0,0,0.0067,0,1,0.0816,0.0067
"X1378",0,0,0,0.0073,0,1,0.0853,0.0073
"X1379",0,0,0,0.003,0,1,0.0551,0.003
"X1380",0,0,0,0.0034,0,1,0.0578,0.0033
"X1381",0,0,0,0.0046,0,1,0.0675,0.0046
"X1382",0,0,0,0.0043,0,1,0.0652,0.0043
"X1383",0,0,0,0.0448,0,1,0.207,0.0428
"X1384",0,0,0,0.003,0,1,0.0551,0.003
"X1385",0,0,0,0.0037,0,1,0.0604,0.0036
"X1386",0,0,0,0.0085,0,1,0.092,0.0085
"X1387",0,0,0,0.003,0,1,0.0551,0.003
"X1388",0,0,0,0.004,0,1,0.0628,0.004
"X1389",0,0,0,0.0046,0,1,0.0675,0.0046
"X1390",0,0,0,0.003,0,1,0.0551,0.003
"X1391",0,0,0,0.004,0,1,0.0628,0.004
"X1392",0,0,0,0.0082,0,1,0.0904,0.0082
"X1393",0,0,0,0.0034,0,1,0.0578,0.0033
"X1394",0,0,0,0.0046,0,1,0.0675,0.0046
"X1395",0,0,0,0.0241,0,1,0.1534,0.0235
"X1396",0,0,0,0.003,0,1,0.0551,0.003
"X1397",0,0,0,0.0034,0,1,0.0578,0.0033
"X1398",0,0,0,0.0064,0,1,0.0798,0.0064
"X1399",0,0,0,0.0046,0,1,0.0675,0.0046
"X1400",0,0,0,0.0439,0,1,0.2049,0.042
"X1401",0,0,0,0.004,0,1,0.0628,0.004
"X1402",0,0,0,0.004,0,1,0.0628,0.004
"X1403",0,0,0,0.0043,0,1,0.0652,0.0043
"X1404",0,0,0,0.0082,0,1,0.0904,0.0082
"X1405",0,0,0,0.0058,0,1,0.0759,0.0058
"X1406",0,0,0,0.0076,0,1,0.087,0.0076
"X1407",0,0,0,0.0037,0,1,0.0604,0.0036
"X1408",0,0,0,0.0027,0,1,0.0523,0.0027
"X1409",0,0,0,0.0037,0,1,0.0604,0.0036
"X1410",0,0,0,0.0034,0,1,0.0578,0.0033
"X1411",0,0,0,0.0043,0,1,0.0652,0.0043
"X1412",0,0,0,0.003,0,1,0.0551,0.003
"X1413",0,0,0,0.0034,0,1,0.0578,0.0033
"X1414",0,0,0,0.0049,0,1,0.0697,0.0049
"X1415",0,0,0,0.0034,0,1,0.0578,0.0033
"X1416",0,0,0,0.0034,0,1,0.0578,0.0033
"X1417",0,0,0,0.004,0,1,0.0628,0.004
"X1418",0,0,0,0.0043,0,1,0.0652,0.0043
"X1419",0,0,0,0.0037,0,1,0.0604,0.0036
"X1420",0,0,0,0.003,0,1,0.0551,0.003
"X1421",0,0,0,0.0058,0,1,0.0759,0.0058
"X1422",0,0,0,0.004,0,1,0.0628,0.004
"X1423",0,0,0,0.0244,0,1,0.1543,0.0238
"X1424",0,0,0,0.0146,0,1,0.1201,0.0144
"X1425",0,0,0,0.0244,0,1,0.1543,0.0238
"X1426",0,0,0,0.0027,0,1,0.0523,0.0027
"X1427",0,0,0,0.0177,0,1,0.1318,0.0174
"X1428",0,0,0,0.0061,0,1,0.0779,0.0061
"X1429",0,0,0,0.0073,0,1,0.0853,0.0073
"X1430",0,0,0,0.0174,0,1,0.1307,0.0171
"X1431",0,0,0,0.0049,0,1,0.0697,0.0049
"X1432",0,0,0,0.004,0,1,0.0628,0.004
"X1433",0,0,0,0.0064,0,1,0.0798,0.0064
"X1434",0,0,0,0.003,0,1,0.0551,0.003
"X1435",0,0,0,0.0076,0,1,0.087,0.0076
"X1436",0,0,0,0.0464,0,1,0.2103,0.0442
"X1437",0,0,0,0.047,0,1,0.2116,0.0448
"X1438",0,0,0,0.0037,0,1,0.0604,0.0036
"X1439",0,0,0,0.0049,0,1,0.0697,0.0049
"X1440",0,0,0,0.003,0,1,0.0551,0.003
"X1441",0,0,0,0.0046,0,1,0.0675,0.0046
"X1442",0,0,0,0.0043,0,1,0.0652,0.0043
"X1443",0,0,0,0.003,0,1,0.0551,0.003
"X1444",0,0,0,0.003,0,1,0.0551,0.003
"X1445",0,0,0,0.004,0,1,0.0628,0.004
"X1446",0,0,0,0.0043,0,1,0.0652,0.0043
"X1447",0,0,0,0.003,0,1,0.0551,0.003
"X1448",0,0,0,0.003,0,1,0.0551,0.003
"X1449",0,0,0,0.0064,0,1,0.0798,0.0064
"X1450",0,0,0,0.003,0,1,0.0551,0.003
"X1451",0,0,0,0.0034,0,1,0.0578,0.0033
"X1452",0,0,0,0.0034,0,1,0.0578,0.0033
"X1453",0,0,0,0.0058,0,1,0.0759,0.0058
"X1454",0,0,0,0.003,0,1,0.0551,0.003
"X1455",0,0,0,0.0088,0,1,0.0936,0.0088
"X1456",0,0,0,0.0445,0,1,0.2063,0.0426
"X1457",0,0,0,0.0058,0,1,0.0759,0.0058
"X1458",0,0,0,0.0055,0,1,0.0739,0.0055
"X1459",0,0,0,0.0046,0,1,0.0675,0.0046
"X1460",0,0,0,0.0058,0,1,0.0759,0.0058
"X1461",0,0,0,0.0058,0,1,0.0759,0.0058
"X1462",0,0,0,0.003,0,1,0.0551,0.003
"X1463",0,0,0,0.0235,0,1,0.1515,0.0229
"X1464",0,0,0,0.007,0,1,0.0835,0.007
"X1465",0,0,0,0.0064,0,1,0.0798,0.0064
"X1466",0,0,0,0.0034,0,1,0.0578,0.0033
"X1467",0,0,0,0.0055,0,1,0.0739,0.0055
"X1468",0,0,0,0.0104,0,1,0.1013,0.0103
"X1469",0,0,0,0.0088,0,1,0.0936,0.0088
"X1470",0,0,0,0.0116,0,1,0.107,0.0115
"X1471",0,0,0,0.0159,0,1,0.1249,0.0156
"X1472",0,0,0,0.0046,0,1,0.0675,0.0046
"X1473",0,0,0,0.004,0,1,0.0628,0.004
"X1474",0,0,0,0.0107,0,1,0.1028,0.0106
"X1475",0,0,0,0.0076,0,1,0.087,0.0076
"X1476",0,0,0,0.004,0,1,0.0628,0.004
"X1477",0,0,0,0.0052,0,1,0.0718,0.0052
"X1478",0,0,0,0.0079,0,1,0.0887,0.0079
"X1479",0,0,0,0.0058,0,1,0.0759,0.0058
"X1480",0,0,0,0.0122,0,1,0.1098,0.0121
"X1481",0,0,0,0.0046,0,1,0.0675,0.0046
"X1482",0,0,0,0.0073,0,1,0.0853,0.0073
"X1483",0,0,0,0.0067,0,1,0.0816,0.0067
"X1484",0,0,0,0.05,0,1,0.218,0.0475
"X1485",0,0,0,0.0043,0,1,0.0652,0.0043
"X1486",0,0,0,0.004,0,1,0.0628,0.004
"X1487",0,0,0,0.0061,0,1,0.0779,0.0061
"X1488",0,0,0,0.0034,0,1,0.0578,0.0033
"X1489",0,0,0,0.0088,0,1,0.0936,0.0088
"X1490",0,0,0,0.0082,0,1,0.0904,0.0082
"X1491",0,0,0,0.0043,0,1,0.0652,0.0043
"X1492",0,0,0,0.0052,0,1,0.0718,0.0052
"X1493",0,0,0,0.003,0,1,0.0551,0.003
"X1494",0,0,0,0.0058,0,1,0.0759,0.0058
"X1495",0,0,0,0.0043,0,1,0.0652,0.0043
"X1496",0,0,0,0.0037,0,1,0.0604,0.0036
"X1497",0,0,0,0.0064,0,1,0.0798,0.0064
"X1498",0,0,0,0.0058,0,1,0.0759,0.0058
"X1499",0,0,0,0.004,0,1,0.0628,0.004
"X1500",0,0,0,0.003,0,1,0.0551,0.003
"X1501",0,0,0,0.011,0,1,0.1042,0.0109
"X1502",0,0,0,0.0073,0,1,0.0853,0.0073
"X1503",0,0,0,0.0146,0,1,0.1201,0.0144
"X1504",0,0,0,0.0079,0,1,0.0887,0.0079
"X1505",0,0,0,0.0101,0,1,0.0998,0.01
"X1506",0,0,0,0.0064,0,1,0.0798,0.0064
"X1507",0,0,0,0.0037,0,1,0.0604,0.0036
"X1508",0,0,0,0.004,0,1,0.0628,0.004
"X1509",0,0,0,0.0052,0,1,0.0718,0.0052
"X1510",0,0,0,0.0058,0,1,0.0759,0.0058
"X1511",0,0,0,0.0043,0,1,0.0652,0.0043
"X1512",0,0,0,0.003,0,1,0.0551,0.003
"X1513",0,0,0,0.0034,0,1,0.0578,0.0033
"X1514",0,0,0,0.0174,0,1,0.1307,0.0171
"X1515",0,0,0,0.0082,0,1,0.0904,0.0082
"X1516",0,0,0,0.0049,0,1,0.0697,0.0049
"X1517",0,0,0,0.0037,0,1,0.0604,0.0036
"X1518",0,0,0,0.004,0,1,0.0628,0.004
"X1519",0,0,0,0.0183,0,1,0.134,0.018
"X1520",0,0,0,0.0049,0,1,0.0697,0.0049
"X1521",0,0,0,0.0055,0,1,0.0739,0.0055
"X1522",0,0,0,0.0046,0,1,0.0675,0.0046
"X1523",0,0,0,0.0168,0,1,0.1284,0.0165
"X1524",0,0,0,0.0049,0,1,0.0697,0.0049
"X1525",0,0,0,0.0058,0,1,0.0759,0.0058
"X1526",0,0,0,0.0058,0,1,0.0759,0.0058
"X1527",0,0,0,0.0107,0,1,0.1028,0.0106
"X1528",0,0,0,0.0119,0,1,0.1084,0.0118
"X1529",0,0,0,0.003,0,1,0.0551,0.003
"X1530",0,0,0,0.0146,0,1,0.1201,0.0144
"X1531",0,0,0,0.0043,0,1,0.0652,0.0043
"X1532",0,0,0,0.0058,0,1,0.0759,0.0058
"X1533",0,0,0,0.0274,0,1,0.1634,0.0267
"X1534",0,0,0,0.011,0,1,0.1042,0.0109
"X1535",0,0,0,0.0034,0,1,0.0578,0.0033
"X1536",0,0,0,0.0052,0,1,0.0718,0.0052
"X1537",0,0,0,0.0052,0,1,0.0718,0.0052
"X1538",0,0,0,0.0152,0,1,0.1226,0.015
"X1539",0,0,0,0.007,0,1,0.0835,0.007
"X1540",0,0,0,0.0073,0,1,0.0853,0.0073
"X1541",0,0,0,0.003,0,1,0.0551,0.003
"X1542",0,0,0,0.0125,0,1,0.1111,0.0124
"X1543",0,0,0,0.0162,0,1,0.1261,0.0159
"X1544",0,0,0,0.0037,0,1,0.0604,0.0036
"X1545",0,0,0,0.0052,0,1,0.0718,0.0052
"X1546",0,0,0,0.003,0,1,0.0551,0.003
"X1547",0,0,0,0.0055,0,1,0.0739,0.0055
"X1548",0,0,0,0.0098,0,1,0.0983,0.0097
"X1549",0,0,0,0.0061,0,1,0.0779,0.0061
"X1550",0,0,0,0.0046,0,1,0.0675,0.0046
"X1551",0,0,0,0.0037,0,1,0.0604,0.0036
"X1552",0,0,0,0.0024,0,1,0.0493,0.0024
"X1553",0,0,0,0.003,0,1,0.0551,0.003
"X1554",0,0,0,0.0064,0,1,0.0798,0.0064
"X1555",0,0,0,0.0128,0,1,0.1125,0.0126
"X1556",0,0,0,0.0134,0,1,0.1151,0.0132
"X1557",0,0,0,0.0098,0,1,0.0983,0.0097
"X1558",0,0,0,0.0015,0,1,0.039,0.0015
